country,Name,GEC,adjectivals,demonym_official,demonym_colloquial
Abkhazia,,,"Abkhaz, Abkhazian",Abkhazians,
Afghanistan,Afghanistan,AF,Afghan,Afghans,Afghanis
Åland Islands,,,Åland Island,Åland Islanders,
Albania,Albania,AL,Albanian,Albanians,
Algeria,Algeria,AG,Algerian,Algerians,
American Samoa,American Samoa,AQ,American Samoan,American Samoans,
Andorra,Andorra,AN,Andorran,Andorrans,
Angola,Angola,AO,Angolan,Angolans,
Anguilla,Anguilla,AV,Anguillan,Anguillans,
Antarctica,Antarctica,AY,Antarctic,Antarctic residents,
Antigua and Barbuda,Antigua and Barbuda,AC,Antiguan or Barbudan,Antiguans or Barbudans,
Argentina,Argentina,AR,Argentinian,"Argentines, Argentinians",Gauchos
Armenia,Armenia,AM,Armenian,Armenians,
Aruba,Aruba,AA,Aruban,Arubans,
Australia,Australia,AS,Australian,Australians,Aussies
Austria,Austria,AU,Austrian,Austrians,
Azerbaijan,Azerbaijan,AJ,"Azerbaijani, Azeri","Azerbaijanis, Azeris",
"Bahamas, The","Bahamas, The",BF,Bahamian,Bahamians,
Bahrain,Bahrain,BA,Bahraini,Bahrainis,
Bangladesh,Bangladesh,BG,Bangladeshi,Bangladeshis,"Deshis"", ""Bengis"", ""Bennies"", ""Bengullies"", ""Banglas"", ""Bengalis"
Barbados,Barbados,BB,Barbadian,Barbadians,Bajans
Belarus,Belarus,BO,Belarusian,Belarusians,
Belgium,Belgium,BE,Belgian,Belgians,
Belize,Belize,BH,Belizean,Belizeans,
Benin,Benin,BN,"Beninese, Beninois","Beninese, Beninois",
Bermuda,Bermuda,BD,"Bermudian, Bermudan","Bermudians, Bermudans",Onions
Bhutan,Bhutan,BT,Bhutanese,Bhutanese,
Bolivia,Bolivia,BL,Bolivian,Bolivians,
Bonaire,,,Bonaire,Bonaire Dutch,
Bosnia and Herzegovina,Bosnia and Herzegovina,BK,Bosnian or Herzegovinian,Bosnians or Herzegovinians,
Botswana,Botswana,BC,"Motswana, Botswanan","Motswana (sing., plural Batswana), Botswanans",
Bouvet Island,Bouvet Island,BV,Bouvet Island,,
Brazil,Brazil,BR,Brazilian,Brazilians,
British Indian Ocean Territory,British Indian Ocean Territory,IO,BIOT,British,
Brunei,Brunei,BX,Bruneian,Bruneian,
Bulgaria,Bulgaria,BU,Bulgarian,Bulgarians,
Burkina Faso,Burkina Faso,UV,Burkinabé,Burkinabè/Burkinabé,
Burma,Burma,BM,Burmese,"Burmese, Bamar",
Burundi,Burundi,BY,Burundian,"Burundians, Barundi",
Cabo Verde,Cabo Verde,CV,Cabo Verdean,Cabo Verdeans,
Cambodia,Cambodia,CB,Cambodian,Cambodians,
Cameroon,Cameroon,CM,Cameroonian,Cameroonians,
Canada,Canada,CA,Canadian,Canadians,Canucks
Cayman Islands,Cayman Islands,CJ,Caymanian,Caymanians,
Central African Republic,Central African Republic,CT,Central African,Central Africans,
Chad,Chad,CD,Chadian,Chadians,
Chile,Chile,CI,Chilean,Chileans,
China,China,CH,Chinese,Chinese,
Christmas Island,Christmas Island,KT,Christmas Island,Christmas Islanders,
Cocos (Keeling) Islands,Cocos (Keeling) Islands,CK,Cocos Island,Cocos Islanders,
Colombia,Colombia,CO,Colombian,Colombians,Cafeteros
Comoros,Comoros,CN,"Comoran, Comorian","Comorans, Comorians",
"Congo, Democratic Republic of the","Congo, Democratic Republic of the",CG,Congolese,Congolese,
"Congo, Republic of the","Congo, Republic of the",CF,,,
Cook Islands,Cook Islands,CW,,,
Costa Rica,Costa Rica,CS,Ticos,,
Côte d'Ivoire,Cote d'Ivoire,IV,,,
Croatia,Croatia,HR,,,
Cuba,Cuba,CU,Cubans,,
Curaçao,Curacao,UC,,,
Cyprus,Cyprus,CY,,,
Czech Republic,Czech Republic,EZ,,,
Denmark,Denmark,DA,,,
Djibouti,Djibouti,DJ,,,
Dominica,Dominica,DO,,,
Dominican Republic,Dominican Republic,DR,Quisqueyanos,,
East Timor,,,Maubere,,
Ecuador,Ecuador,EC,,,
Egypt,Egypt,EG,,,
El Salvador,El Salvador,ES,Guanacos,,
Equatorial Guinea,Equatorial Guinea,EK,,,
Eritrea,Eritrea,ER,,,
Estonia,Estonia,EN,,,
eSwatini (Swaziland),,,,,
Ethiopia,Ethiopia,ET,,,
European Union,Europa Island,EU,,,
Falkland Islands,Falkland Islands (Islas Malvinas),FK,Belongers,,
Faroe Islands,Faroe Islands,FO,,,
Fiji,Fiji,FJ,,,
Finland,Finland,FI,,,
France,France,FR,Gauls,,
French Guiana,French Guiana,FG,,,
French Polynesia,French Polynesia,FP,,,
French Southern Territories,French Southern and Antarctic Lands,FS,,,
Gabon,Gabon,GB,,,
"Gambia, The","Gambia, The",GA,,,
Georgia,Georgia,GG,,,
Germany,Germany,GM,,,
Ghana,Ghana,GH,,,
Gibraltar,Gibraltar,GI,Llanitos,,
Greece,Glorioso Islands,GO,,,
Greenland,Greece,GR,,,
Grenada,Greenland,GL,,,
Guadeloupe,Grenada,GJ,,,
Guam,Guadeloupe,GP,,,
Guatemala,Guam,GQ,Chapines,,
Guernsey,Guatemala,GT,,,
Guinea,Guinea,GV,,,
Guinea-Bissau,Guinea-Bissau,PU,,,
Guyana,Guyana,GY,,,
Haiti,Haiti,HA,Ayisyen,,
Heard Island and McDonald Islands,Heard Island and McDonald Islands,HM,,,
Honduras,Honduras,HO,Catrachos,,
Hong Kong,Hong Kong,HK,"Hongkies"", ""Hongers",,
Hungary,Hungary,HU,,,
Iceland,Iceland,IC,,,
India,India,IN,,,
Indonesia,Indonesia,ID,,,
Iran,Iran,IR,,,
Iraq,Iraq,IZ,,,
Ireland,Ireland,EI,,,
Isle of Man,Isle of Man,IM,,,
Israel,Israel,IS,,,
Italy,Italy,IT,,,
Ivory Coast,,,,,
Jamaica,Jamaica,JM,,,
Jan Mayen,Jan Mayen,JN,,,
Japan,Japan,JA,,,
Jersey,Jersey,JE,,,
Jordan,Jordan,JO,,,
Kazakhstan,Kazakhstan,KZ,,,
Kenya,Kenya,KE,,,
Kiribati,Kiribati,KR,,,
North Korea,"Korea, North",KN,,,
South Korea,"Korea, South",KS,,,
Kosovo,Kosovo,KV,,,
Kuwait,Kuwait,KU,,,
Kyrgyzstan,Kyrgyzstan,KG,,,
Laos,Laos,LA,,,
Latvia,Latvia,LG,,,
Lebanon,Lebanon,LE,,,
Lesotho,Lesotho,LT,,,
Liberia,Liberia,LI,,,
Libya,Libya,LY,,,
Liechtenstein,Liechtenstein,LS,,,
Lithuania,Lithuania,LH,,,
Luxembourg,Luxembourg,LU,,,
Macau,Macau,MC,,,
"Macedonia, Republic of",Macedonia,MK,,,
Madagascar,Madagascar,MA,,,
Malawi,Malawi,MI,,,
Malaysia,Malaysia,MY,,,
Maldives,Maldives,MV,,,
Mali,Mali,ML,,,
Malta,Malta,MT,,,
Marshall Islands,Marshall Islands,RM,,,
Martinique,Martinique,MB,,,
Mauritania,Mauritania,MR,,,
Mauritius,Mauritius,MP,,,
Mayotte,Mayotte,MF,,,
Mexico,Mexico,MX,Aztecas,,
"Micronesia, Federated States of","Micronesia, Federated States of",FM,,,
Moldova,Moldova,MD,,,
Monaco,Monaco,MN,,,
Mongolia,Mongolia,MG,,,
Montenegro,Montenegro,MJ,,,
Montserrat,Montserrat,MH,,,
Morocco,Morocco,MO,,,
Mozambique,Mozambique,MZ,,,
Myanmar,Myanmar,-,,,
Namibia,Namibia,WA,,,
Nauru,Nauru,NR,,,
Nepal,Nepal,NP,,,
Netherlands,Netherlands,NL,,,
New Caledonia,New Caledonia,NC,,,
New Zealand,New Zealand,NZ,Kiwis,,
Nicaragua,Nicaragua,NU,"Nicas"", Pinoleros",,
Niger,Niger,NG,,,
Nigeria,Nigeria,NI,Naija,,
Niue,Niue,NE,,,
Norfolk Island,Norfolk Island,NF,,,
Northern Ireland,,,,,
Northern Mariana Islands,Northern Mariana Islands,CQ,,,
Norway,Norway,NO,,,
Oman,Oman,MU,,,
Pakistan,Pakistan,PK,,,
Palau,Palau,PS,,,
Palestine,,,,,
Panama,Panama,PM,"Canaleros"", ""Istmeños"", ""Panas",,
Papua New Guinea,Papua New Guinea,PP,,,
Paraguay,Paraguay,PA,Guaraníes,,
Peru,Peru,PE,Incas,,
Philippines,Philippines,RP,Pinoys,,
Pitcairn Islands,Pitcairn Islands,PC,,,
Poland,Poland,PL,,,
Portugal,Portugal,PO,Tugas,,
Puerto Rico,Puerto Rico,RQ,Boricuas,,
Qatar,Qatar,QA,,,
Réunion,Reunion,RE,,,
Romania,Romania,RO,,,
Russia,Russia,RS,"Russkies"" ""Soviets",,
Rwanda,Rwanda,RW,,,
Saba,,,,,
Saint Barthélemy,Saint Barthelemy,TB,,,
"Saint Helena, Ascension and Tristan da Cunha","Saint Helena, Ascension, and Tristan da Cunha",SH,Saints,,
Saint Kitts and Nevis,Saint Kitts and Nevis,SC,,,
Saint Lucia,Saint Lucia,ST,,,
Saint Martin,Saint Martin,RN,,,
Saint Pierre and Miquelon,Saint Pierre and Miquelon,SB,,,
Saint Vincent and the Grenadines,Saint Vincent and the Grenadines,VC,,,
Samoa,Samoa,WS,,,
San Marino,San Marino,SM,,,
São Tomé and Príncipe,Sao Tome and Principe,TP,,,
Saudi Arabia,Saudi Arabia,SA,,,
Scotland,,,,,
Senegal,Senegal,SG,,,
Serbia,Serbia,RI,,,
Seychelles,Seychelles,SE,,,
Sierra Leone,Sierra Leone,SL,,,
Singapore,Singapore,SN,,,
Sint Eustatius,,,,,
Sint Maarten,Sint Maarten,NN,,,
Slovakia,Slovakia,LO,,,
Slovenia,Slovenia,SI,,,
Solomon Islands,Solomon Islands,BP,,,
Somalia,Somalia,SO,,,
Somaliland,,,,,
South Africa,South Africa,SF,,,
South Georgia and the South Sandwich Islands,South Georgia and the Islands,SX,,,
South Ossetia,,,,,
South Sudan,South Sudan,OD,,,
Spain,Spain,SP,"several, including ""Castellanos"", ""Gallegos",,
Sri Lanka,Sri Lanka,CE,,,
Sudan,Sudan,SU,,,
Suriname,Suriname,NS,,,
Svalbard,Svalbard,SV,,,
Swaziland,Swaziland,WZ,,,
Sweden,Sweden,SW,,,
Switzerland,Switzerland,SZ,,,
Syria,Syria,SY,,,
Taiwan,Taiwan,TW,,,
Tajikistan,Tajikistan,TI,,,
Tanzania,Tanzania,TZ,,,
Thailand,Thailand,TH,,,
Timor-Leste,Timor-Leste,TT,Maubere,,
Togo,Togo,TO,,,
Tokelau,Tokelau,TL,,,
Tonga,Tonga,TN,,,
Trinidad and Tobago,Trinidad and Tobago,TD,"Trinis"", ""Trinbagonians",,
Tunisia,Tunisia,TS,,,
Turkey,Turkey,TU,,,
Turkmenistan,Turkmenistan,TX,,,
Turks and Caicos Islands,Turks and Caicos Islands,TK,,,
Tuvalu,Tuvalu,TV,,,
Uganda,Uganda,UG,,,
Ukraine,Ukraine,UP,,,
United Arab Emirates,United Arab Emirates,AE,,,
United Kingdom of Great Britain and Northern Ireland,United Kingdom,UK,"English, Englishmen/Englishwomen, Northern Irish, Northern Irishmen/Northern Irishwomen, Scots, Scotsmen/Scotswomen, Scottish, Welsh, Welshmen/Welshwomen 
see Other words for ""British",,
United States of America,United States,US,Yankees/Yanks,,
Uruguay,Uruguay,UY,Charrúas,,
Uzbekistan,Uzbekistan,UZ,,,
Vanuatu,Vanuatu,NH,,,
Vatican City State,,,,,
Venezuela,Venezuela,VE,,,
Vietnam,Vietnam,VM,,,
"Virgin Islands, British",Virgin Islands (UK),,,,
"Virgin Islands, United States",Virgin Islands (US),,,,
Wallis and Futuna,Wake Island,WQ,,,
Western Sahara,Wallis and Futuna,WF,,,
Yemen,Yemen,YM,,,
Zambia,Zambia,ZA,,,
Zimbabwe,Zimbabwe,ZI,Zimbos,,