common,official,cca2,ccn3,capital,demonym,flag,latlng,region,subregion
Aruba,Aruba,AW,533,Oranjestad,Aruban,ğŸ‡¦ğŸ‡¼,"12.5,-69.96666666",Americas,Caribbean
Afghanistan,Islamic Republic of Afghanistan,AF,004,Kabul,Afghan,ğŸ‡¦ğŸ‡«,"33,65",Asia,Southern Asia
Angola,Republic of Angola,AO,024,Luanda,Angolan,ğŸ‡¦ğŸ‡´,"-12.5,18.5",Africa,Middle Africa
Anguilla,Anguilla,AI,660,The Valley,Anguillian,ğŸ‡¦ğŸ‡®,"18.25,-63.16666666",Americas,Caribbean
Ã…land Islands,Ã…land Islands,AX,248,Mariehamn,Ã…landish,ğŸ‡¦ğŸ‡½,"60.116667,19.9",Europe,Northern Europe
Albania,Republic of Albania,AL,008,Tirana,Albanian,ğŸ‡¦ğŸ‡±,"41,20",Europe,Southern Europe
Andorra,Principality of Andorra,AD,020,Andorra la Vella,Andorran,ğŸ‡¦ğŸ‡©,"42.5,1.5",Europe,Southern Europe
United Arab Emirates,United Arab Emirates,AE,784,Abu Dhabi,Emirati,ğŸ‡¦ğŸ‡ª,"24,54",Asia,Western Asia
Argentina,Argentine Republic,AR,032,Buenos Aires,Argentine,ğŸ‡¦ğŸ‡·,"-34,-64",Americas,South America
Armenia,Republic of Armenia,AM,051,Yerevan,Armenian,ğŸ‡¦ğŸ‡²,"40,45",Asia,Western Asia
American Samoa,American Samoa,AS,016,Pago Pago,American Samoan,ğŸ‡¦ğŸ‡¸,"-14.33333333,-170",Oceania,Polynesia
Antarctica,Antarctica,AQ,010,,Antarctican,ğŸ‡¦ğŸ‡¶,"-90,0",Antarctic,Antarctic
French Southern and Antarctic Lands,Territory of the French Southern and Antarctic Lands,TF,260,Port-aux-FranÃ§ais,French,ğŸ‡¹ğŸ‡«,"-49.25,69.167",Antarctic,Antarctic
Antigua and Barbuda,Antigua and Barbuda,AG,028,Saint John's,"Antiguan, Barbudan",ğŸ‡¦ğŸ‡¬,"17.05,-61.8",Americas,Caribbean
Australia,Commonwealth of Australia,AU,036,Canberra,Australian,ğŸ‡¦ğŸ‡º,"-27,133",Oceania,Australia and New Zealand
Austria,Republic of Austria,AT,040,Vienna,Austrian,ğŸ‡¦ğŸ‡¹,"47.33333333,13.33333333",Europe,Western Europe
Azerbaijan,Republic of Azerbaijan,AZ,031,Baku,Azerbaijani,ğŸ‡¦ğŸ‡¿,"40.5,47.5",Asia,Western Asia
Burundi,Republic of Burundi,BI,108,Bujumbura,Burundian,ğŸ‡§ğŸ‡®,"-3.5,30",Africa,Eastern Africa
Belgium,Kingdom of Belgium,BE,056,Brussels,Belgian,ğŸ‡§ğŸ‡ª,"50.83333333,4",Europe,Western Europe
Benin,Republic of Benin,BJ,204,Porto-Novo,Beninese,ğŸ‡§ğŸ‡¯,"9.5,2.25",Africa,Western Africa
Burkina Faso,Burkina Faso,BF,854,Ouagadougou,Burkinabe,ğŸ‡§ğŸ‡«,"13,-2",Africa,Western Africa
Bangladesh,People's Republic of Bangladesh,BD,050,Dhaka,Bangladeshi,ğŸ‡§ğŸ‡©,"24,90",Asia,Southern Asia
Bulgaria,Republic of Bulgaria,BG,100,Sofia,Bulgarian,ğŸ‡§ğŸ‡¬,"43,25",Europe,Eastern Europe
Bahrain,Kingdom of Bahrain,BH,048,Manama,Bahraini,ğŸ‡§ğŸ‡­,"26,50.55",Asia,Western Asia
Bahamas,Commonwealth of the Bahamas,BS,044,Nassau,Bahamian,ğŸ‡§ğŸ‡¸,"24.25,-76",Americas,Caribbean
Bosnia and Herzegovina,Bosnia and Herzegovina,BA,070,Sarajevo,"Bosnian, Herzegovinian",ğŸ‡§ğŸ‡¦,"44,18",Europe,Southern Europe
Saint BarthÃ©lemy,Collectivity of Saint BarthÃ©lemy,BL,652,Gustavia,Saint BarthÃ©lemy Islander,ğŸ‡§ğŸ‡±,"18.5,-63.41666666",Americas,Caribbean
"Saint Helena, Ascension and Tristan da Cunha","Saint Helena, Ascension and Tristan da Cunha",SH,654,Jamestown,Saint Helenian,ğŸ‡¸ğŸ‡­,"-15.95,-5.72",Africa,Western Africa
Belarus,Republic of Belarus,BY,112,Minsk,Belarusian,ğŸ‡§ğŸ‡¾,"53,28",Europe,Eastern Europe
Belize,Belize,BZ,084,Belmopan,Belizean,ğŸ‡§ğŸ‡¿,"17.25,-88.75",Americas,Central America
Bermuda,Bermuda,BM,060,Hamilton,Bermudian,ğŸ‡§ğŸ‡²,"32.33333333,-64.75",Americas,North America
Bolivia,Plurinational State of Bolivia,BO,068,Sucre,Bolivian,ğŸ‡§ğŸ‡´,"-17,-65",Americas,South America
Caribbean Netherlands,"Bonaire, Sint Eustatius and Saba",BQ,535,,Dutch,,"12.18,-68.25",Americas,Caribbean
Brazil,Federative Republic of Brazil,BR,076,BrasÃ­lia,Brazilian,ğŸ‡§ğŸ‡·,"-10,-55",Americas,South America
Barbados,Barbados,BB,052,Bridgetown,Barbadian,ğŸ‡§ğŸ‡§,"13.16666666,-59.53333333",Americas,Caribbean
Brunei,"Nation of Brunei, Abode of Peace",BN,096,Bandar Seri Begawan,Bruneian,ğŸ‡§ğŸ‡³,"4.5,114.66666666",Asia,South-Eastern Asia
Bhutan,Kingdom of Bhutan,BT,064,Thimphu,Bhutanese,ğŸ‡§ğŸ‡¹,"27.5,90.5",Asia,Southern Asia
Bouvet Island,Bouvet Island,BV,074,,,ğŸ‡§ğŸ‡»,"-54.43333333,3.4",Antarctic,Antarctic
Botswana,Republic of Botswana,BW,072,Gaborone,Motswana,ğŸ‡§ğŸ‡¼,"-22,24",Africa,Southern Africa
Central African Republic,Central African Republic,CF,140,Bangui,Central African,ğŸ‡¨ğŸ‡«,"7,21",Africa,Middle Africa
Canada,Canada,CA,124,Ottawa,Canadian,ğŸ‡¨ğŸ‡¦,"60,-95",Americas,North America
Cocos (Keeling) Islands,Territory of the Cocos (Keeling) Islands,CC,166,West Island,Cocos Islander,ğŸ‡¨ğŸ‡¨,"-12.5,96.83333333",Oceania,Australia and New Zealand
Switzerland,Swiss Confederation,CH,756,Bern,Swiss,ğŸ‡¨ğŸ‡­,"47,8",Europe,Western Europe
Chile,Republic of Chile,CL,152,Santiago,Chilean,ğŸ‡¨ğŸ‡±,"-30,-71",Americas,South America
China,People's Republic of China,CN,156,Beijing,Chinese,ğŸ‡¨ğŸ‡³,"35,105",Asia,Eastern Asia
Ivory Coast,Republic of CÃ´te d'Ivoire,CI,384,Yamoussoukro,Ivorian,ğŸ‡¨ğŸ‡®,"8,-5",Africa,Western Africa
Cameroon,Republic of Cameroon,CM,120,YaoundÃ©,Cameroonian,ğŸ‡¨ğŸ‡²,"6,12",Africa,Middle Africa
DR Congo,Democratic Republic of the Congo,CD,180,Kinshasa,Congolese,ğŸ‡¨ğŸ‡©,"0,25",Africa,Middle Africa
Republic of the Congo,Republic of the Congo,CG,178,Brazzaville,Congolese,ğŸ‡¨ğŸ‡¬,"-1,15",Africa,Middle Africa
Cook Islands,Cook Islands,CK,184,Avarua,Cook Islander,ğŸ‡¨ğŸ‡°,"-21.23333333,-159.76666666",Oceania,Polynesia
Colombia,Republic of Colombia,CO,170,BogotÃ¡,Colombian,ğŸ‡¨ğŸ‡´,"4,-72",Americas,South America
Comoros,Union of the Comoros,KM,174,Moroni,Comoran,ğŸ‡°ğŸ‡²,"-12.16666666,44.25",Africa,Eastern Africa
Cape Verde,Republic of Cabo Verde,CV,132,Praia,Cape Verdian,ğŸ‡¨ğŸ‡»,"16,-24",Africa,Western Africa
Costa Rica,Republic of Costa Rica,CR,188,San JosÃ©,Costa Rican,ğŸ‡¨ğŸ‡·,"10,-84",Americas,Central America
Cuba,Republic of Cuba,CU,192,Havana,Cuban,ğŸ‡¨ğŸ‡º,"21.5,-80",Americas,Caribbean
CuraÃ§ao,Country of CuraÃ§ao,CW,531,Willemstad,Dutch,ğŸ‡¨ğŸ‡¼,"12.116667,-68.933333",Americas,Caribbean
Christmas Island,Territory of Christmas Island,CX,162,Flying Fish Cove,Christmas Islander,ğŸ‡¨ğŸ‡½,"-10.5,105.66666666",Oceania,Australia and New Zealand
Cayman Islands,Cayman Islands,KY,136,George Town,Caymanian,ğŸ‡°ğŸ‡¾,"19.5,-80.5",Americas,Caribbean
Cyprus,Republic of Cyprus,CY,196,Nicosia,Cypriot,ğŸ‡¨ğŸ‡¾,"35,33",Europe,Eastern Europe
Czechia,Czech Republic,CZ,203,Prague,Czech,ğŸ‡¨ğŸ‡¿,"49.75,15.5",Europe,Eastern Europe
Germany,Federal Republic of Germany,DE,276,Berlin,German,ğŸ‡©ğŸ‡ª,"51,9",Europe,Western Europe
Djibouti,Republic of Djibouti,DJ,262,Djibouti,Djibouti,ğŸ‡©ğŸ‡¯,"11.5,43",Africa,Eastern Africa
Dominica,Commonwealth of Dominica,DM,212,Roseau,Dominican,ğŸ‡©ğŸ‡²,"15.41666666,-61.33333333",Americas,Caribbean
Denmark,Kingdom of Denmark,DK,208,Copenhagen,Danish,ğŸ‡©ğŸ‡°,"56,10",Europe,Northern Europe
Dominican Republic,Dominican Republic,DO,214,Santo Domingo,Dominican,ğŸ‡©ğŸ‡´,"19,-70.66666666",Americas,Caribbean
Algeria,People's Democratic Republic of Algeria,DZ,012,Algiers,Algerian,ğŸ‡©ğŸ‡¿,"28,3",Africa,Northern Africa
Ecuador,Republic of Ecuador,EC,218,Quito,Ecuadorean,ğŸ‡ªğŸ‡¨,"-2,-77.5",Americas,South America
Egypt,Arab Republic of Egypt,EG,818,Cairo,Egyptian,ğŸ‡ªğŸ‡¬,"27,30",Africa,Northern Africa
Eritrea,State of Eritrea,ER,232,Asmara,Eritrean,ğŸ‡ªğŸ‡·,"15,39",Africa,Eastern Africa
Western Sahara,Sahrawi Arab Democratic Republic,EH,732,El AaiÃºn,Sahrawi,ğŸ‡ªğŸ‡­,"24.5,-13",Africa,Northern Africa
Spain,Kingdom of Spain,ES,724,Madrid,Spanish,ğŸ‡ªğŸ‡¸,"40,-4",Europe,Southern Europe
Estonia,Republic of Estonia,EE,233,Tallinn,Estonian,ğŸ‡ªğŸ‡ª,"59,26",Europe,Northern Europe
Ethiopia,Federal Democratic Republic of Ethiopia,ET,231,Addis Ababa,Ethiopian,ğŸ‡ªğŸ‡¹,"8,38",Africa,Eastern Africa
Finland,Republic of Finland,FI,246,Helsinki,Finnish,ğŸ‡«ğŸ‡®,"64,26",Europe,Northern Europe
Fiji,Republic of Fiji,FJ,242,Suva,Fijian,ğŸ‡«ğŸ‡¯,"-18,175",Oceania,Melanesia
Falkland Islands,Falkland Islands,FK,238,Stanley,Falkland Islander,ğŸ‡«ğŸ‡°,"-51.75,-59",Americas,South America
France,French Republic,FR,250,Paris,French,ğŸ‡«ğŸ‡·,"46,2",Europe,Western Europe
Faroe Islands,Faroe Islands,FO,234,TÃ³rshavn,Faroese,ğŸ‡«ğŸ‡´,"62,-7",Europe,Northern Europe
Micronesia,Federated States of Micronesia,FM,583,Palikir,Micronesian,ğŸ‡«ğŸ‡²,"6.91666666,158.25",Oceania,Micronesia
Gabon,Gabonese Republic,GA,266,Libreville,Gabonese,ğŸ‡¬ğŸ‡¦,"-1,11.75",Africa,Middle Africa
United Kingdom,United Kingdom of Great Britain and Northern Ireland,GB,826,London,British,ğŸ‡¬ğŸ‡§,"54,-2",Europe,Northern Europe
Georgia,Georgia,GE,268,Tbilisi,Georgian,ğŸ‡¬ğŸ‡ª,"42,43.5",Asia,Western Asia
Guernsey,Bailiwick of Guernsey,GG,831,St. Peter Port,Channel Islander,ğŸ‡¬ğŸ‡¬,"49.46666666,-2.58333333",Europe,Northern Europe
Ghana,Republic of Ghana,GH,288,Accra,Ghanaian,ğŸ‡¬ğŸ‡­,"8,-2",Africa,Western Africa
Gibraltar,Gibraltar,GI,292,Gibraltar,Gibraltar,ğŸ‡¬ğŸ‡®,"36.13333333,-5.35",Europe,Southern Europe
Guinea,Republic of Guinea,GN,324,Conakry,Guinean,ğŸ‡¬ğŸ‡³,"11,-10",Africa,Western Africa
Guadeloupe,Guadeloupe,GP,312,Basse-Terre,Guadeloupian,ğŸ‡¬ğŸ‡µ,"16.25,-61.583333",Americas,Caribbean
Gambia,Republic of the Gambia,GM,270,Banjul,Gambian,ğŸ‡¬ğŸ‡²,"13.46666666,-16.56666666",Africa,Western Africa
Guinea-Bissau,Republic of Guinea-Bissau,GW,624,Bissau,Guinea-Bissauan,ğŸ‡¬ğŸ‡¼,"12,-15",Africa,Western Africa
Equatorial Guinea,Republic of Equatorial Guinea,GQ,226,Malabo,Equatorial Guinean,ğŸ‡¬ğŸ‡¶,"2,10",Africa,Middle Africa
Greece,Hellenic Republic,GR,300,Athens,Greek,ğŸ‡¬ğŸ‡·,"39,22",Europe,Southern Europe
Grenada,Grenada,GD,308,St. George's,Grenadian,ğŸ‡¬ğŸ‡©,"12.11666666,-61.66666666",Americas,Caribbean
Greenland,Greenland,GL,304,Nuuk,Greenlandic,ğŸ‡¬ğŸ‡±,"72,-40",Americas,North America
Guatemala,Republic of Guatemala,GT,320,Guatemala City,Guatemalan,ğŸ‡¬ğŸ‡¹,"15.5,-90.25",Americas,Central America
French Guiana,Guiana,GF,254,Cayenne,Guianan,ğŸ‡¬ğŸ‡«,"4,-53",Americas,South America
Guam,Guam,GU,316,HagÃ¥tÃ±a,Guamanian,ğŸ‡¬ğŸ‡º,"13.46666666,144.78333333",Oceania,Micronesia
Guyana,Co-operative Republic of Guyana,GY,328,Georgetown,Guyanese,ğŸ‡¬ğŸ‡¾,"5,-59",Americas,South America
Hong Kong,Hong Kong Special Administrative Region of the People's Republic of China,HK,344,City of Victoria,Hong Konger,ğŸ‡­ğŸ‡°,"22.267,114.188",Asia,Eastern Asia
Heard Island and McDonald Islands,Heard Island and McDonald Islands,HM,334,,Heard and McDonald Islander,ğŸ‡­ğŸ‡²,"-53.1,72.51666666",Antarctic,Antarctic
Honduras,Republic of Honduras,HN,340,Tegucigalpa,Honduran,ğŸ‡­ğŸ‡³,"15,-86.5",Americas,Central America
Croatia,Republic of Croatia,HR,191,Zagreb,Croatian,ğŸ‡­ğŸ‡·,"45.16666666,15.5",Europe,Southern Europe
Haiti,Republic of Haiti,HT,332,Port-au-Prince,Haitian,ğŸ‡­ğŸ‡¹,"19,-72.41666666",Americas,Caribbean
Hungary,Hungary,HU,348,Budapest,Hungarian,ğŸ‡­ğŸ‡º,"47,20",Europe,Eastern Europe
Indonesia,Republic of Indonesia,ID,360,Jakarta,Indonesian,ğŸ‡®ğŸ‡©,"-5,120",Asia,South-Eastern Asia
Isle of Man,Isle of Man,IM,833,Douglas,Manx,ğŸ‡®ğŸ‡²,"54.25,-4.5",Europe,Northern Europe
India,Republic of India,IN,356,New Delhi,Indian,ğŸ‡®ğŸ‡³,"20,77",Asia,Southern Asia
British Indian Ocean Territory,British Indian Ocean Territory,IO,086,Diego Garcia,Indian,ğŸ‡®ğŸ‡´,"-6,71.5",Africa,Eastern Africa
Ireland,Republic of Ireland,IE,372,Dublin,Irish,ğŸ‡®ğŸ‡ª,"53,-8",Europe,Northern Europe
Iran,Islamic Republic of Iran,IR,364,Tehran,Iranian,ğŸ‡®ğŸ‡·,"32,53",Asia,Southern Asia
Iraq,Republic of Iraq,IQ,368,Baghdad,Iraqi,ğŸ‡®ğŸ‡¶,"33,44",Asia,Western Asia
Iceland,Iceland,IS,352,Reykjavik,Icelander,ğŸ‡®ğŸ‡¸,"65,-18",Europe,Northern Europe
Israel,State of Israel,IL,376,Jerusalem,Israeli,ğŸ‡®ğŸ‡±,"31.47,35.13",Asia,Western Asia
Italy,Italian Republic,IT,380,Rome,Italian,ğŸ‡®ğŸ‡¹,"42.83333333,12.83333333",Europe,Southern Europe
Jamaica,Jamaica,JM,388,Kingston,Jamaican,ğŸ‡¯ğŸ‡²,"18.25,-77.5",Americas,Caribbean
Jersey,Bailiwick of Jersey,JE,832,Saint Helier,Channel Islander,ğŸ‡¯ğŸ‡ª,"49.25,-2.16666666",Europe,Northern Europe
Jordan,Hashemite Kingdom of Jordan,JO,400,Amman,Jordanian,ğŸ‡¯ğŸ‡´,"31,36",Asia,Western Asia
Japan,Japan,JP,392,Tokyo,Japanese,ğŸ‡¯ğŸ‡µ,"36,138",Asia,Eastern Asia
Kazakhstan,Republic of Kazakhstan,KZ,398,Astana,Kazakhstani,ğŸ‡°ğŸ‡¿,"48,68",Asia,Central Asia
Kenya,Republic of Kenya,KE,404,Nairobi,Kenyan,ğŸ‡°ğŸ‡ª,"1,38",Africa,Eastern Africa
Kyrgyzstan,Kyrgyz Republic,KG,417,Bishkek,Kirghiz,ğŸ‡°ğŸ‡¬,"41,75",Asia,Central Asia
Cambodia,Kingdom of Cambodia,KH,116,Phnom Penh,Cambodian,ğŸ‡°ğŸ‡­,"13,105",Asia,South-Eastern Asia
Kiribati,Independent and Sovereign Republic of Kiribati,KI,296,South Tarawa,I-Kiribati,ğŸ‡°ğŸ‡®,"1.41666666,173",Oceania,Micronesia
Saint Kitts and Nevis,Federation of Saint Christopher and Nevisa,KN,659,Basseterre,Kittitian or Nevisian,ğŸ‡°ğŸ‡³,"17.33333333,-62.75",Americas,Caribbean
South Korea,Republic of Korea,KR,410,Seoul,South Korean,ğŸ‡°ğŸ‡·,"37,127.5",Asia,Eastern Asia
Kosovo,Republic of Kosovo,XK,,Pristina,Kosovar,ğŸ‡½ğŸ‡°,"42.666667,21.166667",Europe,Eastern Europe
Kuwait,State of Kuwait,KW,414,Kuwait City,Kuwaiti,ğŸ‡°ğŸ‡¼,"29.5,45.75",Asia,Western Asia
Laos,Lao People's Democratic Republic,LA,418,Vientiane,Laotian,ğŸ‡±ğŸ‡¦,"18,105",Asia,South-Eastern Asia
Lebanon,Lebanese Republic,LB,422,Beirut,Lebanese,ğŸ‡±ğŸ‡§,"33.83333333,35.83333333",Asia,Western Asia
Liberia,Republic of Liberia,LR,430,Monrovia,Liberian,ğŸ‡±ğŸ‡·,"6.5,-9.5",Africa,Western Africa
Libya,State of Libya,LY,434,Tripoli,Libyan,ğŸ‡±ğŸ‡¾,"25,17",Africa,Northern Africa
Saint Lucia,Saint Lucia,LC,662,Castries,Saint Lucian,ğŸ‡±ğŸ‡¨,"13.88333333,-60.96666666",Americas,Caribbean
Liechtenstein,Principality of Liechtenstein,LI,438,Vaduz,Liechtensteiner,ğŸ‡±ğŸ‡®,"47.26666666,9.53333333",Europe,Western Europe
Sri Lanka,Democratic Socialist Republic of Sri Lanka,LK,144,Colombo,Sri Lankan,ğŸ‡±ğŸ‡°,"7,81",Asia,Southern Asia
Lesotho,Kingdom of Lesotho,LS,426,Maseru,Mosotho,ğŸ‡±ğŸ‡¸,"-29.5,28.5",Africa,Southern Africa
Lithuania,Republic of Lithuania,LT,440,Vilnius,Lithuanian,ğŸ‡±ğŸ‡¹,"56,24",Europe,Northern Europe
Luxembourg,Grand Duchy of Luxembourg,LU,442,Luxembourg,Luxembourger,ğŸ‡±ğŸ‡º,"49.75,6.16666666",Europe,Western Europe
Latvia,Republic of Latvia,LV,428,Riga,Latvian,ğŸ‡±ğŸ‡»,"57,25",Europe,Northern Europe
Macau,Macao Special Administrative Region of the People's Republic of China,MO,446,,Macanese,ğŸ‡²ğŸ‡´,"22.16666666,113.55",Asia,Eastern Asia
Saint Martin,Saint Martin,MF,663,Marigot,Saint Martin Islander,ğŸ‡²ğŸ‡«,"18.08333333,-63.95",Americas,Caribbean
Morocco,Kingdom of Morocco,MA,504,Rabat,Moroccan,ğŸ‡²ğŸ‡¦,"32,-5",Africa,Northern Africa
Monaco,Principality of Monaco,MC,492,Monaco,Monegasque,ğŸ‡²ğŸ‡¨,"43.73333333,7.4",Europe,Western Europe
Moldova,Republic of Moldova,MD,498,ChiÈ™inÄƒu,Moldovan,ğŸ‡²ğŸ‡©,"47,29",Europe,Eastern Europe
Madagascar,Republic of Madagascar,MG,450,Antananarivo,Malagasy,ğŸ‡²ğŸ‡¬,"-20,47",Africa,Eastern Africa
Maldives,Republic of the Maldives,MV,462,MalÃ©,Maldivan,ğŸ‡²ğŸ‡»,"3.25,73",Asia,Southern Asia
Mexico,United Mexican States,MX,484,Mexico City,Mexican,ğŸ‡²ğŸ‡½,"23,-102",Americas,North America
Marshall Islands,Republic of the Marshall Islands,MH,584,Majuro,Marshallese,ğŸ‡²ğŸ‡­,"9,168",Oceania,Micronesia
Macedonia,Republic of Macedonia,MK,807,Skopje,Macedonian,ğŸ‡²ğŸ‡°,"41.83333333,22",Europe,Southern Europe
Mali,Republic of Mali,ML,466,Bamako,Malian,ğŸ‡²ğŸ‡±,"17,-4",Africa,Western Africa
Malta,Republic of Malta,MT,470,Valletta,Maltese,ğŸ‡²ğŸ‡¹,"35.83333333,14.58333333",Europe,Southern Europe
Myanmar,Republic of the Union of Myanmar,MM,104,Naypyidaw,Bamar,ğŸ‡²ğŸ‡²,"22,98",Asia,South-Eastern Asia
Montenegro,Montenegro,ME,499,Podgorica,Montenegrin,ğŸ‡²ğŸ‡ª,"42.5,19.3",Europe,Southern Europe
Mongolia,Mongolia,MN,496,Ulan Bator,Mongolian,ğŸ‡²ğŸ‡³,"46,105",Asia,Eastern Asia
Northern Mariana Islands,Commonwealth of the Northern Mariana Islands,MP,580,Saipan,American,ğŸ‡²ğŸ‡µ,"15.2,145.75",Oceania,Micronesia
Mozambique,Republic of Mozambique,MZ,508,Maputo,Mozambican,ğŸ‡²ğŸ‡¿,"-18.25,35",Africa,Eastern Africa
Mauritania,Islamic Republic of Mauritania,MR,478,Nouakchott,Mauritanian,ğŸ‡²ğŸ‡·,"20,-12",Africa,Western Africa
Montserrat,Montserrat,MS,500,Plymouth,Montserratian,ğŸ‡²ğŸ‡¸,"16.75,-62.2",Americas,Caribbean
Martinique,Martinique,MQ,474,Fort-de-France,French,ğŸ‡²ğŸ‡¶,"14.666667,-61",Americas,Caribbean
Mauritius,Republic of Mauritius,MU,480,Port Louis,Mauritian,ğŸ‡²ğŸ‡º,"-20.28333333,57.55",Africa,Eastern Africa
Malawi,Republic of Malawi,MW,454,Lilongwe,Malawian,ğŸ‡²ğŸ‡¼,"-13.5,34",Africa,Eastern Africa
Malaysia,Malaysia,MY,458,Kuala Lumpur,Malaysian,ğŸ‡²ğŸ‡¾,"2.5,112.5",Asia,South-Eastern Asia
Mayotte,Department of Mayotte,YT,175,Mamoudzou,Mahoran,ğŸ‡¾ğŸ‡¹,"-12.83333333,45.16666666",Africa,Eastern Africa
Namibia,Republic of Namibia,NA,516,Windhoek,Namibian,ğŸ‡³ğŸ‡¦,"-22,17",Africa,Southern Africa
New Caledonia,New Caledonia,NC,540,NoumÃ©a,New Caledonian,ğŸ‡³ğŸ‡¨,"-21.5,165.5",Oceania,Melanesia
Niger,Republic of Niger,NE,562,Niamey,Nigerien,ğŸ‡³ğŸ‡ª,"16,8",Africa,Western Africa
Norfolk Island,Territory of Norfolk Island,NF,574,Kingston,Norfolk Islander,ğŸ‡³ğŸ‡«,"-29.03333333,167.95",Oceania,Australia and New Zealand
Nigeria,Federal Republic of Nigeria,NG,566,Abuja,Nigerian,ğŸ‡³ğŸ‡¬,"10,8",Africa,Western Africa
Nicaragua,Republic of Nicaragua,NI,558,Managua,Nicaraguan,ğŸ‡³ğŸ‡®,"13,-85",Americas,Central America
Niue,Niue,NU,570,Alofi,Niuean,ğŸ‡³ğŸ‡º,"-19.03333333,-169.86666666",Oceania,Polynesia
Netherlands,Kingdom of the Netherlands,NL,528,Amsterdam,Dutch,ğŸ‡³ğŸ‡±,"52.5,5.75",Europe,Western Europe
Norway,Kingdom of Norway,NO,578,Oslo,Norwegian,ğŸ‡³ğŸ‡´,"62,10",Europe,Northern Europe
Nepal,Federal Democratic Republic of Nepal,NP,524,Kathmandu,Nepalese,ğŸ‡³ğŸ‡µ,"28,84",Asia,Southern Asia
Nauru,Republic of Nauru,NR,520,Yaren,Nauruan,ğŸ‡³ğŸ‡·,"-0.53333333,166.91666666",Oceania,Micronesia
New Zealand,New Zealand,NZ,554,Wellington,New Zealander,ğŸ‡³ğŸ‡¿,"-41,174",Oceania,Australia and New Zealand
Oman,Sultanate of Oman,OM,512,Muscat,Omani,ğŸ‡´ğŸ‡²,"21,57",Asia,Western Asia
Pakistan,Islamic Republic of Pakistan,PK,586,Islamabad,Pakistani,ğŸ‡µğŸ‡°,"30,70",Asia,Southern Asia
Panama,Republic of Panama,PA,591,Panama City,Panamanian,ğŸ‡µğŸ‡¦,"9,-80",Americas,Central America
Pitcairn Islands,Pitcairn Group of Islands,PN,612,Adamstown,Pitcairn Islander,ğŸ‡µğŸ‡³,"-25.06666666,-130.1",Oceania,Polynesia
Peru,Republic of Peru,PE,604,Lima,Peruvian,ğŸ‡µğŸ‡ª,"-10,-76",Americas,South America
Philippines,Republic of the Philippines,PH,608,Manila,Filipino,ğŸ‡µğŸ‡­,"13,122",Asia,South-Eastern Asia
Palau,Republic of Palau,PW,585,Ngerulmud,Palauan,ğŸ‡µğŸ‡¼,"7.5,134.5",Oceania,Micronesia
Papua New Guinea,Independent State of Papua New Guinea,PG,598,Port Moresby,Papua New Guinean,ğŸ‡µğŸ‡¬,"-6,147",Oceania,Melanesia
Poland,Republic of Poland,PL,616,Warsaw,Polish,ğŸ‡µğŸ‡±,"52,20",Europe,Eastern Europe
Puerto Rico,Commonwealth of Puerto Rico,PR,630,San Juan,Puerto Rican,ğŸ‡µğŸ‡·,"18.25,-66.5",Americas,Caribbean
North Korea,Democratic People's Republic of Korea,KP,408,Pyongyang,North Korean,ğŸ‡°ğŸ‡µ,"40,127",Asia,Eastern Asia
Portugal,Portuguese Republic,PT,620,Lisbon,Portuguese,ğŸ‡µğŸ‡¹,"39.5,-8",Europe,Southern Europe
Paraguay,Republic of Paraguay,PY,600,AsunciÃ³n,Paraguayan,ğŸ‡µğŸ‡¾,"-23,-58",Americas,South America
Palestine,State of Palestine,PS,275,Ramallah,Palestinian,ğŸ‡µğŸ‡¸,"31.9,35.2",Asia,Western Asia
French Polynesia,French Polynesia,PF,258,PapeetÄ“,French Polynesian,ğŸ‡µğŸ‡«,"-15,-140",Oceania,Polynesia
Qatar,State of Qatar,QA,634,Doha,Qatari,ğŸ‡¶ğŸ‡¦,"25.5,51.25",Asia,Western Asia
RÃ©union,RÃ©union Island,RE,638,Saint-Denis,French,ğŸ‡·ğŸ‡ª,"-21.15,55.5",Africa,Eastern Africa
Romania,Romania,RO,642,Bucharest,Romanian,ğŸ‡·ğŸ‡´,"46,25",Europe,Eastern Europe
Russia,Russian Federation,RU,643,Moscow,Russian,ğŸ‡·ğŸ‡º,"60,100",Europe,Eastern Europe
Rwanda,Republic of Rwanda,RW,646,Kigali,Rwandan,ğŸ‡·ğŸ‡¼,"-2,30",Africa,Eastern Africa
Saudi Arabia,Kingdom of Saudi Arabia,SA,682,Riyadh,Saudi Arabian,ğŸ‡¸ğŸ‡¦,"25,45",Asia,Western Asia
Sudan,Republic of the Sudan,SD,729,Khartoum,Sudanese,ğŸ‡¸ğŸ‡©,"15,30",Africa,Northern Africa
Senegal,Republic of Senegal,SN,686,Dakar,Senegalese,ğŸ‡¸ğŸ‡³,"14,-14",Africa,Western Africa
Singapore,Republic of Singapore,SG,702,Singapore,Singaporean,ğŸ‡¸ğŸ‡¬,"1.36666666,103.8",Asia,South-Eastern Asia
South Georgia,South Georgia and the South Sandwich Islands,GS,239,King Edward Point,South Georgian South Sandwich Islander,ğŸ‡¬ğŸ‡¸,"-54.5,-37",Antarctic,Antarctic
Svalbard and Jan Mayen,Svalbard og Jan Mayen,SJ,744,Longyearbyen,Norwegian,ğŸ‡¸ğŸ‡¯,"78,20",Europe,Northern Europe
Solomon Islands,Solomon Islands,SB,090,Honiara,Solomon Islander,ğŸ‡¸ğŸ‡§,"-8,159",Oceania,Melanesia
Sierra Leone,Republic of Sierra Leone,SL,694,Freetown,Sierra Leonean,ğŸ‡¸ğŸ‡±,"8.5,-11.5",Africa,Western Africa
El Salvador,Republic of El Salvador,SV,222,San Salvador,Salvadoran,ğŸ‡¸ğŸ‡»,"13.83333333,-88.91666666",Americas,Central America
San Marino,Most Serene Republic of San Marino,SM,674,City of San Marino,Sammarinese,ğŸ‡¸ğŸ‡²,"43.76666666,12.41666666",Europe,Southern Europe
Somalia,Federal Republic of Somalia,SO,706,Mogadishu,Somali,ğŸ‡¸ğŸ‡´,"10,49",Africa,Eastern Africa
Saint Pierre and Miquelon,Saint Pierre and Miquelon,PM,666,Saint-Pierre,French,ğŸ‡µğŸ‡²,"46.83333333,-56.33333333",Americas,North America
Serbia,Republic of Serbia,RS,688,Belgrade,Serbian,ğŸ‡·ğŸ‡¸,"44,21",Europe,Southern Europe
South Sudan,Republic of South Sudan,SS,728,Juba,South Sudanese,ğŸ‡¸ğŸ‡¸,"7,30",Africa,Middle Africa
SÃ£o TomÃ© and PrÃ­ncipe,Democratic Republic of SÃ£o TomÃ© and PrÃ­ncipe,ST,678,SÃ£o TomÃ©,Sao Tomean,ğŸ‡¸ğŸ‡¹,"1,7",Africa,Middle Africa
Suriname,Republic of Suriname,SR,740,Paramaribo,Surinamer,ğŸ‡¸ğŸ‡·,"4,-56",Americas,South America
Slovakia,Slovak Republic,SK,703,Bratislava,Slovak,ğŸ‡¸ğŸ‡°,"48.66666666,19.5",Europe,Central Europe
Slovenia,Republic of Slovenia,SI,705,Ljubljana,Slovene,ğŸ‡¸ğŸ‡®,"46.11666666,14.81666666",Europe,Southern Europe
Sweden,Kingdom of Sweden,SE,752,Stockholm,Swedish,ğŸ‡¸ğŸ‡ª,"62,15",Europe,Northern Europe
Eswatini,Kingdom of Eswatini,SZ,748,Lobamba,Swazi,ğŸ‡¸ğŸ‡¿,"-26.5,31.5",Africa,Southern Africa
Sint Maarten,Sint Maarten,SX,534,Philipsburg,St. Maartener,ğŸ‡¸ğŸ‡½,"18.033333,-63.05",Americas,Caribbean
Seychelles,Republic of Seychelles,SC,690,Victoria,Seychellois,ğŸ‡¸ğŸ‡¨,"-4.58333333,55.66666666",Africa,Eastern Africa
Syria,Syrian Arab Republic,SY,760,Damascus,Syrian,ğŸ‡¸ğŸ‡¾,"35,38",Asia,Western Asia
Turks and Caicos Islands,Turks and Caicos Islands,TC,796,Cockburn Town,Turks and Caicos Islander,ğŸ‡¹ğŸ‡¨,"21.75,-71.58333333",Americas,Caribbean
Chad,Republic of Chad,TD,148,N'Djamena,Chadian,ğŸ‡¹ğŸ‡©,"15,19",Africa,Middle Africa
Togo,Togolese Republic,TG,768,LomÃ©,Togolese,ğŸ‡¹ğŸ‡¬,"8,1.16666666",Africa,Western Africa
Thailand,Kingdom of Thailand,TH,764,Bangkok,Thai,ğŸ‡¹ğŸ‡­,"15,100",Asia,South-Eastern Asia
Tajikistan,Republic of Tajikistan,TJ,762,Dushanbe,Tadzhik,ğŸ‡¹ğŸ‡¯,"39,71",Asia,Central Asia
Tokelau,Tokelau,TK,772,Fakaofo,Tokelauan,ğŸ‡¹ğŸ‡°,"-9,-172",Oceania,Polynesia
Turkmenistan,Turkmenistan,TM,795,Ashgabat,Turkmen,ğŸ‡¹ğŸ‡²,"40,60",Asia,Central Asia
Timor-Leste,Democratic Republic of Timor-Leste,TL,626,Dili,East Timorese,ğŸ‡¹ğŸ‡±,"-8.83333333,125.91666666",Asia,South-Eastern Asia
Tonga,Kingdom of Tonga,TO,776,Nuku'alofa,Tongan,ğŸ‡¹ğŸ‡´,"-20,-175",Oceania,Polynesia
Trinidad and Tobago,Republic of Trinidad and Tobago,TT,780,Port of Spain,Trinidadian,ğŸ‡¹ğŸ‡¹,"11,-61",Americas,Caribbean
Tunisia,Tunisian Republic,TN,788,Tunis,Tunisian,ğŸ‡¹ğŸ‡³,"34,9",Africa,Northern Africa
Turkey,Republic of Turkey,TR,792,Ankara,Turkish,ğŸ‡¹ğŸ‡·,"39,35",Asia,Western Asia
Tuvalu,Tuvalu,TV,798,Funafuti,Tuvaluan,ğŸ‡¹ğŸ‡»,"-8,178",Oceania,Polynesia
Taiwan,Republic of China (Taiwan),TW,158,Taipei,Taiwanese,ğŸ‡¹ğŸ‡¼,"23.5,121",Asia,Eastern Asia
Tanzania,United Republic of Tanzania,TZ,834,Dodoma,Tanzanian,ğŸ‡¹ğŸ‡¿,"-6,35",Africa,Eastern Africa
Uganda,Republic of Uganda,UG,800,Kampala,Ugandan,ğŸ‡ºğŸ‡¬,"1,32",Africa,Eastern Africa
Ukraine,Ukraine,UA,804,Kyiv,Ukrainian,ğŸ‡ºğŸ‡¦,"49,32",Europe,Eastern Europe
United States Minor Outlying Islands,United States Minor Outlying Islands,UM,581,,American,ğŸ‡ºğŸ‡²,"19.3,166.633333",Americas,North America
Uruguay,Oriental Republic of Uruguay,UY,858,Montevideo,Uruguayan,ğŸ‡ºğŸ‡¾,"-33,-56",Americas,South America
United States,United States of America,US,840,Washington D.C.,American,ğŸ‡ºğŸ‡¸,"38,-97",Americas,North America
Uzbekistan,Republic of Uzbekistan,UZ,860,Tashkent,Uzbekistani,ğŸ‡ºğŸ‡¿,"41,64",Asia,Central Asia
Vatican City,Vatican City State,VA,336,Vatican City,Vatican,ğŸ‡»ğŸ‡¦,"41.9,12.45",Europe,Southern Europe
Saint Vincent and the Grenadines,Saint Vincent and the Grenadines,VC,670,Kingstown,Saint Vincentian,ğŸ‡»ğŸ‡¨,"13.25,-61.2",Americas,Caribbean
Venezuela,Bolivarian Republic of Venezuela,VE,862,Caracas,Venezuelan,ğŸ‡»ğŸ‡ª,"8,-66",Americas,South America
British Virgin Islands,Virgin Islands,VG,092,Road Town,Virgin Islander,ğŸ‡»ğŸ‡¬,"18.431383,-64.62305",Americas,Caribbean
United States Virgin Islands,Virgin Islands of the United States,VI,850,Charlotte Amalie,Virgin Islander,ğŸ‡»ğŸ‡®,"18.35,-64.933333",Americas,Caribbean
Vietnam,Socialist Republic of Vietnam,VN,704,Hanoi,Vietnamese,ğŸ‡»ğŸ‡³,"16.16666666,107.83333333",Asia,South-Eastern Asia
Vanuatu,Republic of Vanuatu,VU,548,Port Vila,Ni-Vanuatu,ğŸ‡»ğŸ‡º,"-16,167",Oceania,Melanesia
Wallis and Futuna,Territory of the Wallis and Futuna Islands,WF,876,Mata-Utu,Wallis and Futuna Islander,ğŸ‡¼ğŸ‡«,"-13.3,-176.2",Oceania,Polynesia
Samoa,Independent State of Samoa,WS,882,Apia,Samoan,ğŸ‡¼ğŸ‡¸,"-13.58333333,-172.33333333",Oceania,Polynesia
Yemen,Republic of Yemen,YE,887,Sana'a,Yemeni,ğŸ‡¾ğŸ‡ª,"15,48",Asia,Western Asia
South Africa,Republic of South Africa,ZA,710,"Pretoria,Bloemfontein,Cape Town",South African,ğŸ‡¿ğŸ‡¦,"-29,24",Africa,Southern Africa
Zambia,Republic of Zambia,ZM,894,Lusaka,Zambian,ğŸ‡¿ğŸ‡²,"-15,30",Africa,Eastern Africa
Zimbabwe,Republic of Zimbabwe,ZW,716,Harare,Zimbabwean,ğŸ‡¿ğŸ‡¼,"-20,30",Africa,Eastern Africa