web_url,headline,top,common,demonym,city,month,year,count
https://query.nytimes.com/gst/abstract.html?res=9A01E6DC143FE433A25752C3A9649D946197D6CF,LONDON AWAITS MORE CRASHES; It Is Expected that Six Additional Firms Will Suspend To-day.,united kingdom,,,united kingdom (london),12,1900,64
https://query.nytimes.com/gst/abstract.html?res=950CEEDA113CE433A25756C0A9679C946197D6CF,"L5,000 MORE FROM MR. ASTOR.; Sum Given to London Volunteers Makes Donor's Total Contributions to War Fund L12,000.",united kingdom,,,united kingdom (london),01,1900,61
https://query.nytimes.com/gst/abstract.html?res=9D0CE4D9163FE433A25751C1A9619C946197D6CF,CHINA IN FEAR OF WRATH OF POWERS; Apparently Making Excuses for Peking Massacre. ALLIED TROOPS DEFEATED Driven from Tien-Tsin Arsenal and Are in Great Peril. PRINCE TUAN ISSUES EDICT Says It Is Impossible to Continue to Protect the Legations -- Li-Hung-Chang Again Ordered to Peking.,china,china (china),,,07,1900,54
https://query.nytimes.com/gst/abstract.html?res=9404EED61E39E733A25753C2A9649D946097D6CF,DEFENDS THE BRITISH TROOPS.; Dr. Conan Doyle Writing a Pamphlet Answering Charges of Atrocities in South Africa.,united kingdom,south africa (south africa),united kingdom (british),,12,1901,68
https://query.nytimes.com/gst/abstract.html?res=9C07E3DC1E39E733A2575BC1A9669D946097D6CF,NATAL BORDER OPERATIONS.; Botha's Escape -- The British Gradually Inclosing the Boers Near Pongolabosch.,united kingdom,south africa (boer),united kingdom (british),brazil (natal),10,1901,65
https://query.nytimes.com/gst/abstract.html?res=9C00E0DC1E39EF32A2575BC0A9679D946097D6CF,BRITISH NAVY'S EFFICIENCY.; Two German Papers Contradict the Recent Depreciatory Statements.,united kingdom,,germany (german) : united kingdom (british),,11,1901,61
https://query.nytimes.com/gst/abstract.html?res=9D02EED71430E733A25756C1A9679C946397D6CF,NOVEL VIEW OF THE ISTHMIAN CANAL TREATY; French Writer Says the Nicaragua Route Is Impossible. He Also Declares Great Britain Signed the Treaty Because She Knows Canal Will Not Be Built.,united kingdom,united kingdom (britain) : nicaragua (nicaragua),france (french),,01,1902,56
https://query.nytimes.com/gst/abstract.html?res=9E06E1DC1530E733A25756C0A9649C946397D6CF,"FOUGHT ON BOER SIDE; NOW DEFENDS ENGLAND; Count Sternberg Says Great Britain Is Misunderstood. He Declares that, After Visiting America, He Believes Europe's Real Enemy Is This Country.",united kingdom,united kingdom (england) : south africa (boer),,,02,1902,40
https://query.nytimes.com/gst/abstract.html?res=9E03E0D71E3DEE32A25753C2A9649D946397D6CF,BRITAIN AND GERMANY AGREE TO ARBITRATE; Favorable Replies to Castro's Proposal Received.,united kingdom,germany (germany) : united kingdom (britain),,,12,1902,39
https://query.nytimes.com/gst/abstract.html?res=9804E4D81039E333A25754C2A9679D946297D6CF,COLOMBIA TO APPEAL TO AMERICAN PEOPLE; Will Seek to Create Strong Sentiment for Her Cause. Envoy Manotas Says Treaty of 1846 Will Be Basis of Actual Negotiations with This Government.,colombia,colombia (colombia),,,11,1903,43
https://query.nytimes.com/gst/abstract.html?res=9D05EED61039E333A25755C1A9649D946297D6CF,SAYS PANAMA CRISIS WAS PERIL TO PEACE; Loom Is Intimates Action by Europe Was Apprehended. Assistant Secretary of State at Quill Club Dinner Warns Latin-American Nations -- Bunau-Varilla Also Speaks.,panama,panama (panama),,,12,1903,32
https://query.nytimes.com/gst/abstract.html?res=9D05E4DE1F30E733A25756C2A9629C946297D6CF,"A JOINT PROTEST TO RUSSIA CONTEMPLATED; America, Britain, and Japan May Take Action. News of the Manchuria Demands Comes Like a Bombshell to London -- Explanations From St. Petersburg anxiously Awaited.",united kingdom,united kingdom (britain) : japan (japan) : russia (russia),,united kingdom (london) : russia (st. petersburg),04,1903,32
https://query.nytimes.com/gst/abstract.html?res=9D01E2DC1230EE32A2575BC1A9649C946597D6CF,"""YELLOW PERIL"" EXPLOITED.; Paris Writers Represent Russia as the Emancipator of the White Races.",russia,russia (russia),,france (paris),02,1904,106
https://query.nytimes.com/gst/abstract.html?res=9402E0D71530E132A2575AC1A9659C946597D6CF,"DRAGOMIROFF FEARS RUSSIAN REVERSE; Russo-Turkish War Hero Less Confident Than Others. BE CAREFUL AT YALU, HE SAYS. Thinks That Army Has Not Sufficient Ammunition to Risk Being Cut Off by the Enemy.",russia,,russia (russian) : turkey (turkish),,03,1904,62
https://query.nytimes.com/gst/abstract.html?res=990CE2DB113DE633A25757C0A96E9C946597D6CF,"JAPANESE VICTORIES COMPLETE.; Russians Lost Six Guns at Simu-Cheng -- Are Said to Have Left 1,500 Dead.",russia,,japan (japanese) : russia (russian),,08,1904,58
https://query.nytimes.com/gst/abstract.html?res=9D01E0D71738EF32A25754C1A9609C946497D6CF,CURTAIN DROPPED ON BATTLE.; Russians Give Only Four Days' Old News from Manchuria.,russia,,russia (russian),,06,1905,63
https://query.nytimes.com/gst/abstract.html?res=9F07E6DB173DE733A25752C3A9639C946497D6CF,FIGHT AS FIGURED IN RUSSIA.; Nebogatoff's Surrender Regarded as a Disgrace.,russia,russia (russia),,,05,1905,51
https://query.nytimes.com/gst/abstract.html?res=9503E7DC113AE733A2575AC0A9649D946497D6CF,"RUSSIAN PRESS NOT FREE.; Censorship Is Abolished in Cities, but Penalties Remain.",russia,,russia (russian),,12,1905,50
https://query.nytimes.com/gst/abstract.html?res=9D05E1DD1631E733A25750C1A9669D946797D6CF,NEW SPELLING IN SCOTLAND.; Principal of St. Andrew's University Praises the Reform Movement.,united kingdom,united kingdom (scotland),,,10,1906,33
https://query.nytimes.com/gst/abstract.html?res=9D06E0DA1231E733A25757C1A96F9C946797D6CF,BURN AMERICAN PROPERTY.; Cuban Rebels Begin Their Programme -- Two Plantations Attacked.,cuba,,cuba (cuban),,09,1906,27
https://query.nytimes.com/gst/abstract.html?res=950DE2DF1731E733A25754C0A9649D946797D6CF,AMBASSADOR SHOULD BE RICH; Briton Pleads for Higher Salary for the Envoy to Washington.,united kingdom,united kingdom (briton),,,12,1906,26
https://query.nytimes.com/gst/abstract.html?res=9E0CEFD8133EE033A25753C1A9619C946697D6CF,AOKI TO RETURN TO JAPAN.; Will Defend His Pacific Policy -- Metcalf Scouts Talk of War.,japan,japan (japan),,,07,1907,27
https://query.nytimes.com/gst/abstract.html?res=9802E1D71E30E233A25751C1A9609C946697D6CF,"BOOK BY DR. PARKHURST.; Arriving in Paris, He Says He Is Thinking of Writing One.",france,,,france (paris),06,1907,27
https://query.nytimes.com/gst/abstract.html?res=9D00E5DB1738E033A25753C2A9679D946697D6CF,FELL WITH HIS AEROPLANE.; Count Henri de la Vaulx Narrowly Escaped Death in Paris.,france,,,france (paris),11,1907,24
https://query.nytimes.com/gst/abstract.html?res=9B06E2DC113EE033A25753C1A9649C946997D6CF,"PARIS RACERS TRY THE ROAD; Take a Spin as Far as Dobbs Ferry in Preparation for Contest. ITALIAN CLUB DINES THEM Thousands of Folk Expected to Witness the Real Start at 11 A.M. Wednesday. A DAY OF SIGHTSEEING The Foreigners Interested In the Tall Buildings, Gen. Grant's Tomb, and the Roads Hereabout.",france,,italy (italian),france (paris),02,1908,30
https://query.nytimes.com/gst/abstract.html?res=9D0DE1DD113EE033A25752C2A9679C946997D6CF,PARIS WITHOUT CABS.; Drivers Withdraw Their Vehicles and Hold Indignation Meeting.,france,,,france (paris),01,1908,28
https://query.nytimes.com/gst/abstract.html?res=9D06EFDF143EE233A25756C2A9659C946997D6CF,FIRE IN DRURY LANE THEATRE; Famous Playhouse in London Damaged in Early Morning Blaze.,united kingdom,,,united kingdom (london),03,1908,28
https://query.nytimes.com/gst/abstract.html?res=9D06E0DB1E31E733A2575AC0A9609C946897D6CF,"HARRIMAN ARRIVES IN PARIS.; Tried to Get a Special Train at Cherbourg, but Failed.",france,,,france (paris),06,1909,37
https://query.nytimes.com/gst/abstract.html?res=9E0DE4D61E31E733A25750C0A9619C946897D6CF,"GET JEWELS WORTH $500,000.; Stolen from Regent Street, London, Restaurant, F. Goldschmidt Says.",united kingdom,,,united kingdom (london),07,1909,32
https://query.nytimes.com/gst/abstract.html?res=9E00E3D8153EE733A25753C2A9639C946897D6CF,'SCARE SHIPS' HOVER OVER GREAT BRITAIN; Strange Objects in the Air Promptly Set Down as Wicked Devices of the Germans. INVASION OBSESSION GROWS Dr. Butler Tells Mohonk Conference England Is Emotionally Insane on the Subject of Armament.,united kingdom,united kingdom (england),germany (german),,05,1909,29
https://query.nytimes.com/gst/abstract.html?res=9F02E2D71539E433A25750C0A9639C946196D6CF,FLIGHTS BY J.A. DREXEL.; A.J. Drexel's Son Successful with a Monoplane in England.,united kingdom,united kingdom (england),,,05,1910,21
https://query.nytimes.com/gst/abstract.html?res=9A04EFD81730E233A25756C2A9679C946196D6CF,"PARIS FLOODS GROW; 5,000 ARE HOMELESS; Water in Tunnel Bursts Through Street and Residents Flee from Homes.",france,,,france (paris),01,1910,20
https://query.nytimes.com/gst/abstract.html?res=9B0DE6DE1339E433A25754C1A9679D946196D6CF,RIFLES WERE FOR MEXICANS.; Arms Found at San Antonio Bought by Friend of Anti-Diaz Candidate.,mexico,,mexico (mexican),,11,1910,20
https://query.nytimes.com/gst/abstract.html?res=9F00E3DE1539E333A25750C2A96E9C946096D6CF,SAVAGE ANTI-JEWISH RIOTING IN WALES; Disturbances Continued Yesterday -- Evidence That the Movement Was Premeditated.,united kingdom,united kingdom (wales),,,08,1911,28
https://query.nytimes.com/gst/abstract.html?res=9504EFDE1539E333A2575BC2A96F9C946096D6CF,MOROCCO DISPUTE NOT ENDED; But Germany Has Replied to the Latest French Proposals.,france,germany (germany) : morocco (morocco),france (french),,09,1911,27
https://query.nytimes.com/gst/abstract.html?res=9404E1DB1E3EE033A2575BC2A9619C946096D6CF,Mr. Asquith's Warning.; GREAT BRITAIN WARNS KAISER,united kingdom,united kingdom (britain),,,07,1911,26
https://query.nytimes.com/gst/abstract.html?res=9405E5DF173CE633A25756C1A9679C946396D6CF,"SEES LESSON TO ENGLAND.; German Socialists' Success Favors Peace, Says English Compatriot.",united kingdom,united kingdom (england),germany (german),,01,1912,26
https://query.nytimes.com/gst/abstract.html?res=9D05EEDC1E3AE633A2575BC0A9649D946396D6CF,POWERS TO OVERSEE PEACE CONFERENCE; Most Important Diplomatic Gathering Since Treaty of Berlin Will Be Held in London.,united kingdom,,,germany (berlin) : united kingdom (london),12,1912,26
https://query.nytimes.com/gst/abstract.html?res=9405EEDE1E3AE633A2575AC1A9679D946396D6CF,THOUSANDS STRICKEN DAILY WITH CHOLERA; Thirst-Maddened Turkish Soldiers Continue to Drink from Infected Streams.,turkey,,turkey (turkish),,11,1912,26
https://query.nytimes.com/gst/abstract.html?res=9504EED8103FE633A25754C1A9649D946296D6CF,"REFUSES A REPRIEVE.; 20,000 Petitioned British Home Secretary to Save Murderer's Life.",united kingdom,,united kingdom (british),,12,1913,37
https://query.nytimes.com/gst/abstract.html?res=9A07E4D7133FE633A25757C0A9679D946296D6CF,"Secretary Refuses to Make Any Comment Upon the Situation.; OFFICE OPEN ALL NIGHT Operator at His Key to Keep Officials in Touch with Mexico City. INTERVENTION HINTED AT Bacon's Reference to Discussion of Mexican Affairs by Congress So Interpreted. REBEL DELEGATE ARRIVES Warns Against Intervening at Europe's Request ;- Wants ""Hands Off"" Policy. ENGLAND NOW IN HARMONY Ambassador Spring-Rice Soon to Return to Washington ;- His Withdrawal Talked of in England.",mexico,united kingdom (england) : mexico (mexico),mexico (mexican),mexico (mexico city),11,1913,32
https://query.nytimes.com/gst/abstract.html?res=9D07E6DC1730E233A25756C2A96E9C946296D6CF,"EXPECTS HUERTA TO YIELD.; Wilson Relies on Himself, Not Europe, to Pacify Mexico.",mexico,mexico (mexico),,,08,1913,31
https://query.nytimes.com/gst/abstract.html?res=9F01EFDB1438EF32A2575AC1A96F9C946596D6CF,GERARD MESSAGE TO GO TO ALLIES; Beyond This Our Government Will Not Now Make Any Further Move for Peace. ENGLAND DENIES OFFERS Informs Ambassador Here That Germany and Austria Have Made No Proposals. WAR LIKELY TO CONTINUE Washington Believes That Insistence on Good Offices at Present Would Surely Give Offense. GERARD MESSAGE TO GO TO ALLIES,germany,austria (austria) : germany (germany) : united kingdom (england),,,09,1914,284
https://query.nytimes.com/gst/abstract.html?res=9907E7DA1438E033A25755C0A9669D946596D6CF,FEARS A CRISIS IN BRUSSELS.; English Correspondent Hears That Germans Are Provoking It.,germany,,germany (german),belgium (brussels),10,1914,266
https://query.nytimes.com/gst/abstract.html?res=9801E4D7133DE333A25753C3A96E9C946596D6CF,Berlin Tells of British Defeat.,germany,,united kingdom (british),germany (berlin),08,1914,257
https://query.nytimes.com/gst/abstract.html?res=980DE1D91739E233A2575AC2A96E9C946496D6CF,"SIX ARRESTED HERE FOR SHIP FIRE BOMBS; Four Lighter Captains, Three Germans, Held by Police, and One Confesses. ADMITS BIG SUGAR THEFTS Denies Using Explosives That Might Have Burned Vessel and Hid Cargo Shortage. SIX ARRESTED HERE FOR SHIP FIRE BOMBS",germany,,germany (german),,08,1915,175
https://query.nytimes.com/gst/abstract.html?res=9B04E6DC1038E633A25750C2A9609C946496D6CF,TAKE LABYRINTH AT HEAVY COST; French Win Vast Network of German Forts Near Arras After Three Weeks' Combat. NC RESTING DAY OR NIGHT Fight in Shirt Sleeves Hand to Hand and with Grenades as Shells Rain Unceasingly. TAKE LABYRINTH AT HEAVY COST,germany,,germany (german) : france (french),,06,1915,163
https://query.nytimes.com/gst/abstract.html?res=9D05E3DB1338E633A25756C2A9639C946496D6CF,"RUSSIAN BATTLESHIP SUNK IN BLACK SEA?; Bucharest Dispatch via Berlin Reports ""Winteleimon"" Lost with 1,400 Men.",germany,,russia (russian),germany (berlin) : romania (bucharest),05,1915,160
https://query.nytimes.com/gst/abstract.html?res=9E00E1D6113FE233A25752C0A9619C946796D6CF,"FIERCE STRUGGLE NORTH OF VERDUN; French Seize Redoubt at 10 A.M., Lose Part at 3 P.M., and Recover All at 4:30. HARD FIGHTING AT HILL 304 Germans Capture French Position, Only to Lose It by a Counterattack. FIERCE STRUGGLE NORTH OF VERDUN",germany,,germany (german) : france (french),,07,1916,143
https://query.nytimes.com/gst/abstract.html?res=9C02E7D81F3FE233A25757C1A9649D946796D6CF,"GERMAN PAPERS CAUTIOUS.; Hopeful of Results Eventually, but Not Quite Certain. GERMAN PAPERS CAUTIONS ON OFFER",germany,,germany (german),,12,1916,141
https://query.nytimes.com/gst/abstract.html?res=9C06E2DA1F38E633A2575BC2A9649C946796D6CF,"TWO MORE VILLAGES TAKEN; German Reports Tell of the Sweep Onward After the Fall of Douaumont. TROOPS FIGHTING FIERCELY Burning with the Flame of Patriotism That Inspired Them in 1914, Says One Observer. WORK OF THE HEAVY GUNS Second Fort Blew Up After Douaumont Under Deadly Fire of German Artillery.",germany,,germany (german),,02,1916,135
https://query.nytimes.com/gst/abstract.html?res=9F06E3DA123BEE3ABC4B52DFB566838C609EDE,Germany Still Presses for Treaty Changes; Suspicion of Plan to Open Way for Retaliation,germany,germany (germany),,,03,1917,160
https://query.nytimes.com/gst/abstract.html?res=980CE3DF113BE03ABC4C52DFBF66838C609EDE,"ARTILLERY FORCES REACH PERSHING; First Announcement of the Presence of a Large Contingent in France Is Authorized. MAY FIGHT GERMANS SOON Training, Which Is Already WellAdvanced, Likely to be Completed on the Battlefront. To Train with Infantry Forces. Americans Use the Famous 75s. ARTILLERY FORCES REACH PERSHING Co-operation with Aircraft.",germany,france (france),germany (german),,09,1917,154
https://query.nytimes.com/gst/abstract.html?res=980DEFDB1538EE32A25757C1A9649C946696D6CF,"DEMANDS RELEASE OF 64 AMERICANS; Lansing Asks Berlin Why Seamen from the Yarrowdale Are Still Prisoners. ACTS THROUGH SWISS ENVOY This, the Second Peremptory Demand, May Be Preliminary to More Vigorous Action.",germany,,switzerland (swiss),germany (berlin),02,1917,145
https://query.nytimes.com/gst/abstract.html?res=980CE4DC1539E13ABC4E52DFB6678383609EDE,"250,000 Belgian Refugees in Flight to Holland; Fear Germans Will Carry Away the Food Supply",germany,netherlands (holland),belgium (belgian) : germany (german),,10,1918,174
https://query.nytimes.com/gst/abstract.html?res=9D05E1DB1739E13ABC4F53DFBE668383609EDE,"ARTILLERY ACTIVE ON VESLE; Fismes Deluged with German Gas and High Explosive Shells. WIPE OUT ENEMY BATTALION American Machine Gunners Defending Fismes Foil Attackon Bridge Builders.NEW FRENCH GAIN ON AVREAdvance North of MontdidierCarries Foch's Men toRiver Below Morisel. Germans Prepare for Resistance. German Detachment Annihilated. Germans Deluge Fismes with Gas. GERMANS' POSITION CRITICAL. Paris Military Observers Think Foe Must Retire Behind the Aisne. GERMAN UNITS DECIMATED. Company Strength of Some Divisions Reduced to Less Than 50 Men. CALL OUR MEN ""SATANS."" And Germans Who Capture Them Get Iron Crosses. BERLIN BOASTS OF RETREAT. Says First Line Troops Retired Without the Loss of a Man.",germany,,germany (german) : france (french),germany (berlin) : france (paris),08,1918,160
https://query.nytimes.com/gst/abstract.html?res=9D00E4DB1F3FE433A25751C2A9629C946996D6CF,"Berlin Reports 183 Americans Captured At Seicheprey, With 25 Machine Guns",germany,,,germany (berlin),04,1918,159
https://query.nytimes.com/gst/abstract.html?res=9C0DE4D61F39E13ABC4A51DFB0668382609EDE,"FOCH ALL PREPARED FOR GERMAN BALK; Plans to Surround the Country Instead of Overrunning the Whole Area. WARSHIPS ARE MOBILIZED Line of Troops Would Run Through Bremen, Prague, Austria, Russia, and Poland. Would Cut All Communication FOCH ALL PREPARED FOR GERMAN BALK Rhineland for signing. Great Activity in Our Zone. Calls Our Army "" Hand Picked.""",germany,austria (austria) : poland (poland) : russia (russia),germany (german),czechia (prague) : germany (bremen),06,1919,110
https://query.nytimes.com/gst/abstract.html?res=990CEED71E39E13ABC4950DFB3668382609EDE,ALLIES WILL YIELD LITTLE ON TREATY; Paris Is Confident That Germans Will Obtain No Material Modifications.BROCKDORFF'S BOLD FRONTHe Sent Word to Berlin ThatHe Would Not Sign theDocument as Drawn.,germany,,germany (german),germany (berlin) : france (paris),05,1919,98
https://query.nytimes.com/gst/abstract.html?res=9F04E5D61331E433A2575AC2A9659C946896D6CF,AWAIT PEACE TERMS TO TURN BOLSHEVIST; Germany and Austria Working Hand-in-Hand with Hungary Against Allies. AWAIT PEACE TERMS TO TURN BOLSHEVIKI,germany,austria (austria) : germany (germany) : hungary (hungary),,,03,1919,88
https://query.nytimes.com/gst/abstract.html?res=9A05EFD91F31E03ABC4E51DFBE66838B639EDE,"POLAND REJECTS TERMS AS RED ARMY DISSOLVES; Tchitcherin, in Message to London, Threatens to Break OffParley at Minsk.ONLY ONE CLAUSE ACCEPTEDPoles to Demobilize if Russians Will Do So--BritishBoundary Discarded.RED BASE OF GRODNO TAKEN Of Host 250,000 Strong That Menaced Warsaw, Only 30,000Fugitives Remain.",poland,poland (poland),russia (russian),belarus (minsk) : united kingdom (london) : poland (warsaw),08,1920,78
https://query.nytimes.com/gst/abstract.html?res=9400E5DB123EE13ABC4A51DFB566838B639EDE,ALLIES AT ODDS ON POLICING RUHR; Ebert Government's Request Starts Warm Discussions Between France and England.FRENCH SUSPECT TRICKERY Believe Germans Seize a Pretext for Occupation in Violation of the Treaty.,germany,france (france) : united kingdom (england),germany (german),,03,1920,58
https://query.nytimes.com/gst/abstract.html?res=9F06E1DF143EE13ABC4153DFB466838B639EDE,BRITAIN RESERVED ON CULPRIT LISTS; Semi-Official Hint That London Will Not Support 'Unknown' Indictments. PRESS ATTACKS DEMANDS Premier May Go to Paris to Harmonize British and French Views.,united kingdom,united kingdom (britain),france (french) : united kingdom (british),france (paris) : united kingdom (london),02,1920,57
https://query.nytimes.com/gst/abstract.html?res=9D0DE0DB103EEE3ABC4A53DFB767838A639EDE,"DELEGATES ARRIVE FROM FOUR POWERS; British, Italian, Japanese and Chinese Here on Olympic for Arms Conference. LORD LEE COMES WITH HOPE First Lord, of Admiralty Says Britain Will Do Anything Save Imperil the Empire.",united kingdom,united kingdom (britain),china (chinese) : united kingdom (british) : italy (italian) : japan (japanese),,11,1921,63
https://query.nytimes.com/gst/abstract.html?res=9404E1D91431EF33A25752C0A9649D946095D6CF,ASK CHINA AND JAPAN TO SETTLE SHANTUNG AS JAPAN TRIES FOR HIGHER NAVAL RATIO; AMERICA AND BRITAIN FIRM FOR 5-5-3; CONFERENCE OBSTACLES UP Shantung Question Now Brought into Direct Negotiations. HUGHES AND BALFOUR HELP Japan Refuses to Withdraw Troops From Manchuria or Police From China. NAVY RATIO MORE DIFFICULT French Firm on Submarines-- Signs of British Favor to Anglo-Japanese Alliance. China Forces Shantung Issue. Better Auspices for Negotiations. Bars Evacuating Manchuria. Naval Ratio More Difficult. Plenary Session Delayed. Show British Favor to Alliance.,united kingdom,china (china) : united kingdom (britain) : japan (japan),france (french) : united kingdom (british) : japan (japanese),,12,1921,60
https://query.nytimes.com/gst/abstract.html?res=9906E2DA133CE533A2575BC0A9659C946095D6CF,SIMONS TO RETURN TO BERLIN; SCENE OF THE ALLIED INVASION OF GERMANY.,germany,germany (germany),,germany (berlin),03,1921,59
https://query.nytimes.com/gst/abstract.html?res=9A0DE1D9163BE533A25753C1A9639C946395D6CF,"YONKERS 'GOLD MINE' A $500,000 FRAUD; Thousands of Russians Throughout Country Lured by ""Salted"" Dream of Riches.FOUR MEN ARE ARRESTEDIndictments Follow Complaintsof Working Men and WomenWho Invested in Stock.",russia,,russia (russian),,05,1922,54
https://query.nytimes.com/gst/abstract.html?res=9403E0DC1139EF3ABC4052DFBF668389639EDE,"PARIS AGAINST MOVE TO DEFEND STRAITS; Officials Think the British Preparations Are III-Timed and Provocative. HAVE CONFIDENCE IN KEMAL Moral Suasion Favored to Influence the Turks, Whom ArmedOpposition Might Anger.",united kingdom,,united kingdom (british) : turkey (turk),france (paris),09,1922,54
https://query.nytimes.com/gst/abstract.html?res=9C07E4D81F3EEE3ABC4D52DFB4678389639EDE,British Home Secretary Gets Box of Candy; Postmark Same as on Box Sent to Horwood,united kingdom,,united kingdom (british),,12,1922,43
https://query.nytimes.com/gst/abstract.html?res=9502EFDA1731E633A25752C0A9679C946295D6CF,French Await Our Leadership.,france,,france (french),,01,1923,100
https://query.nytimes.com/gst/abstract.html?res=9B05E5DB1638E333A25755C0A9649C946295D6CF,GERMANS SUSPECT AIM TO SEIZE DYES; Alarmed by Reports of a French Embargo on All Products of Coal.,france,,germany (german) : france (french),,02,1923,56
https://query.nytimes.com/gst/abstract.html?res=9B00E5DB1739E033A25757C2A9669D946295D6CF,Intercepted Appeal by Lossow to German Army Increases Tension Between Berlin and Munich,germany,,germany (german),germany (berlin),10,1923,52
https://query.nytimes.com/gst/abstract.html?res=9405E3D6133BE233A25750C1A96E9C946595D6CF,TRADE BARGAINING BY FRENCH DELAYS LONDON CONFERENCE; Solid Advantages Sought by Them and Belgians for Evacuation of Ruhr.,united kingdom,,belgium (belgian) : france (french),united kingdom (london),08,1924,38
https://query.nytimes.com/gst/abstract.html?res=9D07E1DE1039E233A25756C2A9649D946595D6CF,EIGHT PERSONS DIE IN LONDON TO PARIS AIR EXPRESS CRASH; Plane Bursts Into Flames as It Dives to Ground After Leaving Croydon.,france,,,france (paris) : united kingdom (london),12,1924,37
https://query.nytimes.com/gst/abstract.html?res=990CE3D61339E233A25757C2A9679D946595D6CF,Britain Set Up a 'Monroe Doctrine' for Egypt; Geneva Says Cairo Cannot Appeal to the League,united kingdom,egypt (egypt) : united kingdom (britain),,switzerland (geneva) : egypt (cairo),11,1924,34
https://query.nytimes.com/gst/abstract.html?res=950DE3DE1439E633A25753C3A96F9C946495D6CF,'SAFEGUARD' CLAUSE IS DEBT OBSTACLE; French and American Negotiators Are Hopeful of Overcoming Difficulty.,france,,france (french),,09,1925,48
https://query.nytimes.com/gst/abstract.html?res=9402E2D81531EE3ABC4153DFBE66838E639EDE,War Panorama From Ouezzan.; BAYONETS OF FRENCH WIN RIFF FORTRESS,france,,france (french),,08,1925,44
https://query.nytimes.com/gst/abstract.html?res=9904E3DC1138E233A25757C0A9639C946495D6CF,FRENCH COLUMNS DRIVE BACK MOORS HEADING FOR FEZ; Mobile Forces With Artillery Are Fighting Along a 210-Mile Front.,france,,france (french),morocco (fez),05,1925,43
https://query.nytimes.com/gst/abstract.html?res=9A05E7DB1139E633A25755C0A9639C946795D6CF,SPORADIC CLASHES IN MANY SECTIONS; Attacks on Buses Continue in the Rougher Areas of London. SMALL AFFAIRS ELSEWHERE Smashing of Windows and Other Interference With Transportation. SPORADIC CLASHES IN MANY SECTIONS,united kingdom,,,united kingdom (london),05,1926,56
https://query.nytimes.com/gst/abstract.html?res=9E01E0DE1331EE3ABC4951DFBE66838D639EDE,Gov. Ferguson Pardons Six Mexican Rebels; Held in Prison Since 1913 for Killing Sheriff,mexico,,mexico (mexican),,08,1926,36
https://query.nytimes.com/gst/abstract.html?res=9F00E4D91E3DEE3ABC4953DFB166838D639EDE,"FRENCH BLOCK PLOT TO MURDER ALFONSO; Seize Anarchist, Wanted for Murder of Cardinal in 1923, Conspiring to Shoot King. THREE OTHERS ARRESTED King, Ignorant of It All, Gave Police Anxious Time as He Dashed About Paris. FRENCH BLOOK PLOT TO MURDER ALFONSO",france,,france (french),france (paris),07,1926,32
https://query.nytimes.com/gst/abstract.html?res=9A07E7DB163CEE32A2575AC0A9659C946695D6CF,SHANGHAI WAR LINES SUDDENLY SWITCHED; Chang Tsung-chang Now Faces Cantonese on Four Fronts -Orders Anking Attack.,china,,,china (shanghai),03,1927,48
https://query.nytimes.com/gst/abstract.html?res=9905EEDD103FE03ABC4950DFB166838C639EDE,"BRITAIN TO PROPOSE A NAVAL HOLIDAY; Is Ready for Temporary Building Limit, Should Geneva Parley Finally Collapse. WILL HALT 10,000-TON SHIPS America Would Agree Not to Exceed British Number and Japan to 5-5-3 Ratio. BRITAIN TO PROPOSE A NAVAL HOLIDAY",united kingdom,united kingdom (britain) : japan (japan),united kingdom (british),switzerland (geneva),07,1927,47
https://query.nytimes.com/gst/abstract.html?res=9F05E0D61F3DE733A25753C1A9649C946695D6CF,Warships Also Nearing Shanghai.; BRITISH NOW SPEED SHIPS AND TROOPS,united kingdom,,united kingdom (british),china (shanghai),02,1927,46
https://query.nytimes.com/gst/abstract.html?res=9F03E6DB163CE73ABC4D51DFB2668383639EDE,"GERMAN SHIP QUICKLY FIXED; Junkers Mechanic Has It Restored Six Hours After Reaching Greenely. ON RUNWAY READY TO FLY Pilot Brings Word to Lake Ste. Agnes of Feasting on Island by Reunited Crew. HE ARRIVES IN BAD STORM Bremen Was to Follow Him, Winston Says, but It Apparently Learned of Blizzard.",germany,,germany (german),germany (bremen),04,1928,51
https://query.nytimes.com/gst/abstract.html?res=980CE2D91331E33ABC4C53DFB4678383639EDE,"HIS FEVER IS NEARLY GONE; Infection Also Clearing, but British Are Warned Against Optimism. QUEEN UP MOST OF NIGHT Fails to Take Customary After noon Drive--Yorks Cancel Engagements. THRONG WAITS IN DRIZZLE Subjects Silent and Subdued After Latest Bulletin--Stock Exchange Depressed. Text of Two Bulletins. Yorks Cancel Engagements. Joynson-Hicks Hopeful. One Doctor Stays With King. Queen Up Most of Night. Morning Bulletin Reassured. Crowd Rushes to Read News.",united kingdom,,united kingdom (british),,12,1928,40
https://query.nytimes.com/gst/abstract.html?res=9904E4D9153CE73ABC4952DFBE668383639EDE,COOLIDGE SEES NAVY AS OUTSIDE TREATY; He Says Multilateral Compact is Not in the Realm of National Defense. DOUBTS LEAGUE OBJECTION And Is Uncertain of Effect Here of Anglo-French Project to Limit Naval Armament.,france,,france (french) : united kingdom (anglo),,08,1928,35
https://query.nytimes.com/gst/abstract.html?res=9E01E4D6163FE731A25752C0A96F9C946895D6CF,"BRITAIN SEEKS LINK OF PACT AND LEAGUE; Move Held Equal to Dropping ""British Monroe Doctrine"" and Right of Defense. ASSEMBLY ACTION LIKELY Decision on What Country Should Take Initiative Awaits the Arrival of MacDonald.",united kingdom,united kingdom (britain),united kingdom (british),,09,1929,67
https://query.nytimes.com/gst/abstract.html?res=990CE4DB1E30E33ABC4A53DFBE668382639EDE,DEADLOCK HALTS ANGLO-SOVIET TALKS; Dovgalevsky Quits as British Demand Guarantee on Debts and Propaganda. RUSSIA ASKS ENVOYS FIRST London Says Parley Won't Be Resumed for Present--Soviet Will Consider Next Step. British Demand Guarantees. DEADLOCK HALTS ANGLO-SOVIET TALKS Equal Rights Pressed. Soviet to Consider Next Step.,united kingdom,russia (russia),united kingdom (british),united kingdom (london),08,1929,61
https://query.nytimes.com/gst/abstract.html?res=9C00E7D91231E73ABC4D53DFB1668382639EDE,"American Stocks Make Records in London; Steel Crosses 200, New York Central at 226",united kingdom,,,united kingdom (london),07,1929,51
https://query.nytimes.com/gst/abstract.html?res=9F03E7D71638E133A25757C1A9679C946194D6CF,"SHIP SPEEDS STIMSON TO MEET MACDONALD; Hopes to Be in London Early Friday for Talks Called Most Important. BATTLESHIPS TO THE FORE Replacement Problem Must Be Settled First--Mediterranean Parity Secondary. Interest in Mediterranean. STIMSON SPEEDING TO MEET MACDONALD Washington treaty is 35,000 be realized. Secretariat Is Opened social activities.",united kingdom,,,united kingdom (london),01,1930,52
https://query.nytimes.com/gst/abstract.html?res=9B00EED81F39E03ABC4E52DFB266838B629EDE,"CHURCHILL ATTACKS NEW BRITISH BUDGET; SOME LABORITES JOIN; Conservative Declares Snowden Revives War Tax Scale to Promote Socialism. CALLS RISE UNNECESSARY But Labor Extremists Say the Party Is Betrayed by Its Too Great Moderation. LIBERALS WILL APPROVE IT Lloyd George Regrets Lack of Land Levy--Bill is Held to Be Sure of Passage. Sees Capital Diverted. Tax Provisions Explained. CHURCHILL ATTACKS NEW BRITISH BUDGET Surtax Begins at $10,000. $528 Tax on $5,000.",united kingdom,,united kingdom (british),,04,1930,51
https://query.nytimes.com/gst/abstract.html?res=9A0DE2DE1438E03ABC4B52DFB366838B629EDE,"THREE POWERS ACT ON ARMS AT GENEVA; Briand Invites Henderson and Grandi to Discuss Franco-Italian Problem Today. BRITON PROFFERS HIS HELP Hails Light Agenda of Council,Which Begins Session, as Aid to Naval Discussions. Fear Too High Hopes. THREE POWERS ACT ON ARMS AT GENEVA Few Details Given. Done With Optants Issue. Paris Greatly Interested.",united kingdom,united kingdom (briton),france (franco) : italy (italian),switzerland (geneva) : france (paris),05,1930,45
https://query.nytimes.com/gst/abstract.html?res=9801E0DF133BE433A25757C1A9619C946094D6CF,DEVELOPMENTS IN GERMAN CRISIS,germany,,germany (german),,07,1931,80
https://query.nytimes.com/gst/abstract.html?res=9B0DE1DA123AEE3ABC4951DFB767838A629EDE,"JAPAN AND CHINA REJECT THE LEAGUE COUNCIL PLAN FOR A TRUCE AND INQUIRY; PARIS PROPOSAL IS UPSET After Supposed Accord, Chinese Deny Joining New Peace Move. TOKYO LATER REJECTS IDEA Dawes Says He Will Not Sit With League Council for Application of Covenant. HONJO MAY ATTACK CHANG Mukden Japanese See New Gravity in Movements of Chinese Toward Manchuria. Manchurian Developments League Proposal Rejected. ""Unthinkable,"" Says Tokyo. China Also Rejects Plan. Strenuous Studies Foreseen. TEXT OF DAWES STATEMENT. Dr. Sze Denies Agreement.",japan,china (china) : japan (japan),china (chinese) : japan (japanese),france (paris) : japan (tokyo),11,1931,67
https://query.nytimes.com/gst/abstract.html?res=9503E4DE123BE433A2575AC1A9609C946094D6CF,"2,600,000-VOLT X-RAY DRILLS 1-INCH BRASS; World's Most Powerful Tube Is Perfected in Germany for Treatment of Cancer. TO HARNESS THUNDERBOLT Apparatus Is Likely to Produce 16,000,000-Volt Ray, Scientists Are Told in Pasadena. Ray Made Holes in Brass. 2,600,000-VOLT X-RAY DRILLS 1-INCH BRASS America's Biggest Tube Described. Duty of Science is Stressed.",germany,germany (germany),,,06,1931,60
https://query.nytimes.com/gst/abstract.html?res=9906E0DA113EE333A25756C0A9649C946394D6CF,"Shiozawa, in Interview With Times, Tells How He Will Rout Chinese; Japanese Commander at Shanghai Declares That He Needs Only Two Days to End Fighting -- Has Dropped 'Only Small Bombs' Thus Far, He Says -- Pats His Casualities at 230. SHIOZAWA REVEALS HIS PLAN OF ATTACK",japan,,china (chinese) : japan (japanese),china (shanghai),02,1932,114
https://query.nytimes.com/gst/abstract.html?res=9904E5DF1431E633A25754C1A9679C946394D6CF,China Calls On League to Halt Japanese Bombing of Civilians,japan,china (china),japan (japanese),,01,1932,49
https://query.nytimes.com/gst/abstract.html?res=9902EFD71E31E333A25755C2A9679D946394D6CF,REPLIES TO POWERS DIFFER; Hearing Here Hinted if London Has a Special Case for Revision. FACTS NOT YET PRESENTED Communications Given Sep- arately to France and Bel- gium Suggest No Relief. BEYOND HOOVER PROPOSALS No Link to Lausanne Seen -- Borah Opposes President's Currency Settlement Plan. STIMSON REQUESTS PAYMENTS ON DEBTS,united kingdom,france (france),,united kingdom (london),11,1932,44
https://query.nytimes.com/gst/abstract.html?res=9D05E2D71238E333A25755C2A9609C946294D6CF,BRITISH SEE NO BAR TO WORLD PROGRAM IN OUR HOME POLICY; MacDonald-Roosevelt Thesis of 'Supplementing' Domestic Remedies Gains Ground. NEW COOPERATION EVIDENT Common Anglo-American View Indicated on Quotas and Form of Trade Treaties. COLD BLOC IS STIFFENING Five European Nations Are Said to Plan Fresh Efforts to Thwart 'Artificial' Price-Raising. BRITISH ACCEPTING OUR HOME POLICY,united kingdom,,united kingdom (british),,06,1933,60
https://query.nytimes.com/gst/abstract.html?res=950CE6DC1538E333A25753C1A9639C946294D6CF,PRESIDENT TO LIMIT WAR DEBTS REQUEST; Will Ask Congress for Power Only While the London Conference Lasts. WILL REFER ANY DECISION Administration Leaders Say Roosevelt Will Send Message Just Before Session Closes. PRESIDENT TO LIMIT WAR DEBTSREQUEST,united kingdom,,,united kingdom (london),05,1933,55
https://query.nytimes.com/gst/abstract.html?res=9B07E6D61F3AE333A25757C1A9619C946294D6CF,Paris to Pay British Debt 3 Months Ahead of Time,united kingdom,,united kingdom (british),france (paris),07,1933,43
https://query.nytimes.com/gst/abstract.html?res=9D04EFD7123FE53ABC4A53DFB767838F629EDE,GERMANY WILL PAY BRITISH EXPORTERS AND BOND HOLDERS; New Accord Provides Berlin Will Earmark 55% of Value of Shipments to London. CLEARS UP PENDING DEBTS Interest on Dawes and Young Loans Goes On -- Runciman Still Suggests Caution. GERMANY WILL PAY BRITISH CREDITORS,united kingdom,germany (germany),united kingdom (british),germany (berlin) : united kingdom (london),11,1934,34
https://query.nytimes.com/gst/abstract.html?res=9A0CE4DB153FE53ABC4052DFB166838F629EDE,GERMANY SEIZES REVENUE PLEDGED FOR DAWES LOAN; Breaks Attachment Obtained by Trustees -- To Use Funds 'for Purposes Intended.',germany,germany (germany),,,07,1934,33
https://query.nytimes.com/gst/abstract.html?res=9E06E1D9123FE53ABC4851DFB667838F629EDE,"20 PLANES START IN AUSTRALIA RAGE; FITZMAURICE OUT; Mollisons Leave Airdrome in England First, Followed by Turner and Pangborn. WEATHER ON WAY IDEAL Irish Airman Withdraws From Contest When His Load Is Ruled Too Heavy. 20 PLANES START IN AUSTRALIA RAGE",united kingdom,australia (australia) : united kingdom (england),ireland (irish),,10,1934,33
https://query.nytimes.com/gst/abstract.html?res=9403E0D6163AE13ABC4051DFB667838E629EDE,"ROME NOW RELYING ON ARMS, NOT TALK; Finding Negotiations Futile and Sanctions Inevitable Italy Pushes for Victory. EXPECTS EARLY DECISION Ethiopians Are Believed to Be Preparing for a Battle, Which Is What Foes Want. ROME NOW RELYING ON ARMS, NOT TALK",italy,italy (italy),ethiopia (ethiopian),italy (rome),10,1935,93
https://query.nytimes.com/gst/abstract.html?res=9A01E2D7153CEE3ABC4D51DFB767838E629EDE,POWERS TO DELAY SANCTIONS ON OIL; Britain and France Decide to Postpone Action by League That Might Arouse Italy. LAVAL OPPOSES THE BAN Britain Has Been Warned by Her Ambassador Not to Press Mussolini Too Far. POWERS TO DELAY SANCTIONS ON OIL,italy,france (france) : united kingdom (britain) : italy (italy),,,11,1935,58
https://query.nytimes.com/gst/abstract.html?res=9B02E4DB163EE53ABC4053DFBF66838E629EDE,"POPE HOPES ITALY WILL AVOID WAR; Desires That 'Rights May Be Satisfied, but With Justice and in Peace.'",italy,italy (italy),,,09,1935,51
https://query.nytimes.com/gst/abstract.html?res=9505E2DE173DE33BBC4A53DFBE66838D629EDE,Advance on Madrid Slowed; REBELS NOW DRIVE ON PORTS IN NORTH,spain,,,spain (madrid),08,1936,80
https://query.nytimes.com/gst/abstract.html?res=9A02E0DE123DE33BBC4852DFB467838D629EDE,"Britons, in Letters, Forsake King; Recall War Sacrifices for Crown; Writers to The Times of London Ask Edward to Reciprocate by Giving Up Mrs. Simpson and Remaining on the Throne -- Correspondents at First Were Sympathetic. BRITONS IN LETTERS SHIFTING FROM KING",united kingdom,united kingdom (briton),,united kingdom (london),12,1936,58
https://query.nytimes.com/gst/abstract.html?res=9F02EFD9133BE33BBC4852DFB566838D629EDE,"SIX POWERS BACK FRENCH; Poles, Stirred by Hitler's 'Contempt' for Pacts, Turn to Paris. EDEN'S STAND DISQUIETING New Entente With Britain to Be the French Price of Any Accord With Germany. BORDER MEASURES RUSHED But News of Them Is Subject to Control -- Reich Is Said to Have Artillery on Frontier. LOCARNO SIGNERS WILL MEET TODAY",united kingdom,germany (germany) : united kingdom (britain),france (french),france (paris),03,1936,53
https://query.nytimes.com/gst/abstract.html?res=9801EFD81E30EE32A25753C2A96E9C946694D6CF,U. S. RESISTS MOVE TO SHUT SHIP LANE; Rejects Japanese and Chinese Measures That Would Bar Use of the Whangpoo,china,,china (chinese) : japan (japanese),,08,1937,63
https://query.nytimes.com/gst/abstract.html?res=9A05E7D9103EE03ABC4E52DFB467838C629EDE,BRITISH ASK TOKYO FOR REAL REMEDIES; Point Out Steps Taken to Halt Attacks on Foreign Ships Have Proved Ineffective,japan,,united kingdom (british),japan (tokyo),12,1937,53
https://query.nytimes.com/gst/abstract.html?res=980DE1D7153DE23ABC4B52DFB667838C629EDE,TOKYO FLIERS FIRE ON BRITISH ENVOYS; Machine-Gun Three Cars of Eden I Embassy on a Highway 14 Miles From Shanghai,united kingdom,,united kingdom (british),japan (tokyo),10,1937,42
https://query.nytimes.com/gst/abstract.html?res=9903E0D71531E03ABC4B51DFBF668383629EDE,"Germans Report 16 Slain by Czechs In Eger Area During Celebrations; Berlin News Agency Hears of Many Disorders in Sudeten Districts--Nazis There Seize Foes for Their 'Safety' GERMANS REPORT 16 SLAIN BY CZECHS Trouble at Weipert German Army Waiting Taken Off to ""Safety"" Czechs Hold Fortified Line",czechia,,czechia (czech) : germany (german) : czechoslovakia (czech),germany (berlin),09,1938,72
https://query.nytimes.com/gst/abstract.html?res=990CE7D81738EE3ABC4850DFB5668383629EDE,"BATTLESHIP LIMIT SET AT 41,000 TONS BY THREE NATIONS; Britain, France and U. S. Are in Tentative Accord on the Escalation Procedure NOTES MAY BE SENT FRIDAY Two Powers Expected to Plan New Craft at Once--France Merely Frees Her Hands Cruiser Issue Undecided",united kingdom,france (france) : united kingdom (britain),,,03,1938,45
https://query.nytimes.com/gst/abstract.html?res=9900E3DB163BEE3ABC4151DFB6678383629EDE,Germans Shell and Bomb Ex-Czech Line in Tests,germany,,czechia (czech) : germany (german) : czechoslovakia (czech),,10,1938,44
https://query.nytimes.com/gst/abstract.html?res=9F03E2D7123EE23ABC4C53DFB4678382629EDE,MOVE BY HELSINKI; But Soviet Recognition of Red Cabinet Is Held Obstacle to Parley LEAGUE MEETS SATURDAY Council Will Act on Finland's Appeal for Arbitration of Conflict With Russia,russia,finland (finland) : russia (soviet),,finland (helsinki),12,1939,74
https://query.nytimes.com/gst/abstract.html?res=9505EED7143EE432A2575AC2A9679D946894D6CF,CRUISER IS CLAIMED AS U-BOAT VICTIM; TYPE OF BRITISH CRUISER REPORTED SUNK BY GERMANY'S U-BOAT HERO,united kingdom,germany (germany),united kingdom (british),,11,1939,70
https://query.nytimes.com/gst/abstract.html?res=9F06E2D9173EE432A25750C0A96F9C946894D6CF,"Bulletins on European Conflict; Air Raid Warning in London Ribbentrop Gives Reply to British Envoy American Diplomats' Families Leave Reich War Announced in France No News"" at the German Embassy Denies Poles Got Five-Power Parley Offer 1,000 Americans Sail on French Liner Heavy Fighting Is Reported in Silesia Bulletins on European Conflict Burckhardt in Kaunas en Route to London German Plane Disabled by Polish Fire Netherland Air Service to East Suspended Two Japanese Ambassadors Expected to Retire Egypt Declares Martial Law",germany,egypt (egypt) : france (france),germany (german) : france (french) : united kingdom (british) : japan (japanese) : poland (polish),united kingdom (london),09,1939,64
https://query.nytimes.com/gst/abstract.html?res=9D03E1D9133EE432A25754C2A96E9C946193D6CF,"R.A.F. LISTS BERLIN AMONG PLACES HIT; Tromsoe, Northern Norway, Is One of Many Areas Struck At by British Fliers",united kingdom,norway (norway),united kingdom (british),germany (berlin),08,1940,110
https://query.nytimes.com/gst/abstract.html?res=9F05E1DF103EE432A25755C0A96F9C946193D6CF,BRITISH SHELL ISLE IN THE DODECANESE; Italians' Base Bombarded-- Planes and Ships Clash in Mediterranean BRITISH SHELL ISLE IN THE DODECANESE Gunners Eager for Fight Hits Claimed by Italians Biggest Victory Is Claimed Admiralty Reports Success Submarine Machine-Gunned,united kingdom,,united kingdom (british) : italy (italian),,09,1940,84
https://query.nytimes.com/gst/abstract.html?res=9E04E2DE1E3CE73ABC4E52DFB166838B659EDE,"22 NAZI AIRDROMES RAIDED BY BRITISH; Attacks Are Reducing Striking Power of Foe, London Says --Oil Tanks Are Targets",united kingdom,,united kingdom (british),united kingdom (london),07,1940,83
https://query.nytimes.com/gst/abstract.html?res=9F06E3D81F3DE33BBC4B51DFB366838A659EDE,"Germans Claim 4 Cruisers, 'Several Destroyers' Sunk; Two British Battleships and Other Warships Held Damaged in Action Around Crete, Though Isle Is Not Mentioned NAZIS LIST SINKING OF FOE'S WARSHIPS",united kingdom,,germany (german) : united kingdom (british),,05,1941,102
https://query.nytimes.com/gst/abstract.html?res=9B02E3DD133DE33BBC4E51DFB466838A659EDE,SOMALI PORT FALLS IN A BRITISH SWEEP; Brava Taken as Drive Up Coast Imperils Mogadiscio -- Push Into Eritrea Speeded SOMALI PORT FALLS IN A BRITISH SWEEP,united kingdom,eritrea (eritrea),united kingdom (british) : somalia (somali),,02,1941,97
https://query.nytimes.com/gst/abstract.html?res=9E04EEDF113DE33BBC4C51DFB566838A659EDE,NEGHELLI IS TAKEN AS BRITISH PUSH ON; Fall of Ethiopian Road Hub Speeds Their Third Thrust Toward Addis Ababa NEGHELLI IS TAKEN AS BRITISH PUSH ON,united kingdom,,ethiopia (ethiopian) : united kingdom (british),ethiopia (addis ababa),03,1941,93
https://query.nytimes.com/gst/abstract.html?res=9505E7DD1439E33BBC4851DFB4668389659EDE,DARWIN IS BOMBED FOR SECOND TIME; Port Machine-Gunned in New Raid -- Tokyo Reports Landing on Island of Timor,japan,,,japan (tokyo),02,1942,78
https://query.nytimes.com/gst/abstract.html?res=9B01EFD6163CE33BBC4152DFB7668389659EDE,"OFFICIAL DETAINED; London Accuses U Saw of Having Had 'Contact' With Japanese HIDES HIS WHEREABOUTS In England Last Fall to Ask Dominion Status for Burma, He Departed Disgruntled PREMIER OF BURMA IS HELD BY BRITISH",japan,united kingdom (england) : myanmar (burma),japan (japanese),united kingdom (london),01,1942,74
https://query.nytimes.com/gst/abstract.html?res=9C0DE7D81E3BE33BBC4A52DFB5668389659EDE,"JAPANESE POUNDED; Two of Vessels Bombed in New Guinea Action Believed Sunk R.A.A.F. IS ON OFFENSIVE Port Moresby Raided by Foe, Evidently in Preparation for Landing Attempts There FOE'S SHIPS HEAD FOR PORT MORESBY",japan,guinea (guinea),japan (japanese),papua new guinea (port moresby),03,1942,56
https://query.nytimes.com/gst/abstract.html?res=9F02E2DC143DE13BBC4E53DFBF668388659EDE,"BRITISH TAKE 2,000; Bagnara and Melito Fall as Front Expands by Commando Tactics ALLIES ARE DRIVING INLAND Heavy Fighting in Mountains Reported by Foe -- Naples Area Bombed Again BRITISH TAKE 2,000 ON TOE OF ITALY",italy,,united kingdom (british),italy (naples),09,1943,59
https://query.nytimes.com/gst/abstract.html?res=950DE5DE143CEE3BBC4852DFB5668388659EDE,GERMANS HIT BACK; Soviet Announces Loss of Industrial Centers and Rail Hubs,germany,russia (soviet),germany (german),,03,1943,57
https://query.nytimes.com/gst/abstract.html?res=9B0DE0DD1738E33BBC4950DFB1668388659EDE,Police Rushed to Milan; MILAN RIOT FREES 200 FROM PRISON,italy,,,italy (milan),07,1943,55
https://query.nytimes.com/gst/abstract.html?res=9D07E5DF1E31E03BBC4E53DFB667838F659EDE,"GUNFIRE IS SLOWING OUR DRIVE IN REICH; Germans Have Every Inch of Area Plotted, but U.S. Tanks Are Clearing Way GERMAN GUNFIRE HOLDING UP DRIVE",germany,,germany (german),,10,1944,63
https://query.nytimes.com/gst/abstract.html?res=9E01E4D61E30E53BBC4152DFBE66838F659EDE,"NAZIS TO ABANDON FRANCE, FOE SAYS; War Ministry Official Admits Paris Is Lost -- No More Men Available From Reich Germans Will Abandon France, Nazi War Ministry Official Says",germany,france (france),germany (german),france (paris),08,1944,63
https://query.nytimes.com/gst/abstract.html?res=9F04E3DB1131E03BBC4D51DFB166838F659EDE,HITLER BOMB LAID TO HIMMLER PLOT; Nazis Show Hold Over Army by Ordering Forces to Use the Party's Salute GERMANS SAY THIS IS SITE OF ASSASSINATION PLOT HITLER BOMB LAID TO HIMMLER PLOT,germany,,germany (german),,07,1944,57
https://query.nytimes.com/gst/abstract.html?res=9404E2D7113BEE3BBC4C52DFBE66838E659EDE,TRUMAN MESSAGE DUE AFTER 9 A. M.; President Retires With No Official Word From Japan --No Hint on V-J Day President Retired Early Attlee at Work Early,japan,japan (japan),,,08,1945,96
https://query.nytimes.com/gst/abstract.html?res=9900E4D71F3CEE3ABC4053DFB266838E659EDE,Patton's Contempt of German Army Deals Hard Blow to Enemy Morale; PATTON'S CONTEMPT DISARMS GERMANS,germany,,germany (german),,04,1945,74
https://query.nytimes.com/gst/abstract.html?res=9405E1D91F3BEE3BBC4851DFBF66838E659EDE,B-29's Reach Washington After Flight From Japan; AIR CHIEF CONGRATULATES SUPERFORTRESS COMMANDERS AT WASHINGTON,japan,japan (japan),,,09,1945,73
https://query.nytimes.com/gst/abstract.html?res=9506E6DE173FE73ABC4F52DFB566838D659EDE,"GHAVAM IS PRESSED; Russians Declare Plea to Security Council an 'Unfriendly Act' 'ADVICE' IS A BOOMERANG Held to Insure Prosecution by Iran or U.S.--Spain, Anders Issues May Be Pushed",russia,spain (spain) : iran (iran),russia (russian),,03,1946,84
https://query.nytimes.com/gst/abstract.html?res=9A06E2DB1E39E53ABC4053DFB266838D659EDE,"ASKS NO MORE TALK; Russia Declares Accord With Iran Rules Out Further Discussion GROMYKO SENDS LETTER Soviet Diplomatic Offensive Is Now Seen--Spain, Iceland, China Among Subjects",russia,china (china) : spain (spain) : iran (iran) : iceland (iceland) : russia (russia),,,04,1946,69
https://query.nytimes.com/gst/abstract.html?res=9A03EEDF1238E53ABC4C53DFBE66838D659EDE,Small Powers Lose Battle To Vote on Parley Chairman; Rules Group Retains Rotating Presidency as U.S. and Britain Back Soviet--Briton Urges Study of Majority Decisions,russia,united kingdom (briton) : russia (soviet),,,08,1946,62
https://query.nytimes.com/gst/abstract.html?res=9E0CE3DB113BEF3ABC4E52DFBF66838C659EDE,"BRITISH SELL GOLD TO RESERVE BANK TO OBTAIN DOLLARS; Take $80,000,000 of Holdings to Fulfill Commitments Made Before Loan Was Frozen DOMINION PARLEY SLATED Overseas Trade Secretary Bars Tariff Concessions Without Equal Returns BRITISH SELL GOLD TO RESERVE BANK",united kingdom,,united kingdom (british),,09,1947,53
https://query.nytimes.com/gst/abstract.html?res=9D05E0D8103EE13BBC4D52DFB066838C659EDE,"TRUMAN REPROVES SOVIET SATELLITES AS HE SIGNS PACTS; Lauds Italy but Calls Bulgar, Hungarian and Rumanian Regimes Undemocratic EXPLAINS TREATY SUPPORT President Says Rome Can Seek Changes -- Cites Clause for Cut in Russian Forces TRUMAN REPROVES SOVIET SATELLITES",russia,italy (italy) : russia (soviet),hungary (hungarian) : romania (rumanian) : russia (russian),italy (rome),06,1947,48
https://query.nytimes.com/gst/abstract.html?res=9800E5DE103EEE3BBC4F51DFB466838C659EDE,Britain to Decree Night Shift For Third of Labor in Crisis; NIGHT SHIFTS DOE IN BRITISH PLANTS,united kingdom,united kingdom (britain),united kingdom (british),,02,1947,45
https://query.nytimes.com/gst/abstract.html?res=940DE3D91630E03BBC4A51DFBE668383659EDE,Mix-Up on Berlin Currency Said to Snag Moscow Talks; CURRENCY DISPUTE SAID TO SNAG TALKS,russia,,,germany (berlin) : russia (moscow),08,1948,93
https://query.nytimes.com/gst/abstract.html?res=9C06E7D8103BE33BBC4A53DFBF668383659EDE,"GOVERNORS EXTEND PARLEYS IN BERLIN TO TRAFFIC, TRADE; Russians Stress Importance of East-West Commerce During 3-Hour Conference CLAY SILENT ON PROGRESS Says 'It Is Too Early' to Voice Opinion -- Zhdanov Death Halts Sessions in Moscow",russia,,russia (russian),germany (berlin),09,1948,60
https://query.nytimes.com/gst/abstract.html?res=9A00EEDF143DE03ABC4152DFB5668383659EDE,Moscow Radio Says Truman Talk Alarmed Even U. S. Conservatives; TRUMAN ASSAILED BY MOSCOW RADIO,russia,,,russia (moscow),03,1948,56
https://query.nytimes.com/gst/abstract.html?res=9A05E4DD103CE23BBC4E53DFB3668382659EDE,PEOPLE IN MOSCOW HAIL BERLIN NEWS; Soviet Citizens See Ending of Restrictions as Evidence That World Tension Has Eased PEOPLE IN MOSCOW HAIL BERLIN NEWS,russia,russia (soviet),,germany (berlin) : russia (moscow),05,1949,53
https://query.nytimes.com/gst/abstract.html?res=9B02E3D6133CE23BBC4951DFB2668382659EDE,"Paris 'Peace Congress' Assails U. S. And Atlantic Pact, Upholds Soviet; MEETING AT 'PEACE CONGRESS' IN PARIS CONGRESS IN PARIS ASSAILS U. S. POLICY",russia,russia (soviet),,france (paris),04,1949,52
https://query.nytimes.com/gst/abstract.html?res=9900E7D9153FE33BBC4E51DFB5668382659EDE,BRITAIN TIGHTENING TRADE BAN ON EAST; Curtailing More Exports as of Potential Military Value to the Soviet Bloc BRITAIN TIGHTENS TRADE BAN ON EAST,russia,united kingdom (britain) : russia (soviet),,,03,1949,51
https://query.nytimes.com/gst/abstract.html?res=9F00E3DF153AE13BBC4D51DFB767838B649EDE,Security Council Sits Today On Mao Charge Against U.S.; CHINESE COMMUNIST DELEGATION AT LAKE SUCCESS SECURITY COUNCIL IN SESSION TODAY Border Assurances Advanced Vote on Soviet Proposal,china,russia (soviet),china (chinese),,11,1950,43
https://query.nytimes.com/gst/abstract.html?res=9F05EFDA153DE03BBC4E53DFB366838B649EDE,Extremists Pelt German Athletes With Tomatoes at City Hall Here; A GERMAN SOCCER PLAYER AT CITY HALL,germany,,germany (german),,05,1950,42
https://query.nytimes.com/gst/abstract.html?res=9B0DE7D6103FE23BBC4951DFB667838B649EDE,"SOVIET WOULD MEET U.S ON JAPAN PACT; Willing to Discuss Proposals for Peace Treaty, Malik Replies to Inquiry SOVIET WILL MEET WITH U.S. ON JAPAN",russia,japan (japan) : russia (soviet),,,10,1950,36
https://query.nytimes.com/gst/abstract.html?res=9D07E1D61E39E23ABC4A51DFB667838A649EDE,CAIRO SAYS BRITONS ACT AS CONQUERORS IN SUEZ CANAL ZONE; Charges Troops Behave as If London Considered Itself in State of War With Egypt EVACUATION IS DEMANDED Cabinet Is Said to Consider Pact With Soviet Union-- Disputed Sector Quiet,united kingdom,egypt (egypt) : united kingdom (briton) : russia (soviet),,egypt (suez) : united kingdom (london),10,1951,52
https://query.nytimes.com/gst/abstract.html?res=9F06E0D9123DEE3BBC4053DFBE66838A649EDE,"State Department Calls It 'Propaganda Trap'--Cites Obligations Ignored; U. S. Rejects Moscow Peace Plan, Labeling it a 'Propaganda Trap' Particular Exception Taken Berlin Rally Scored",russia,,,germany (berlin) : russia (moscow),08,1951,40
https://query.nytimes.com/gst/abstract.html?res=9801E5DE1638E43BBC4153DFB566838A649EDE,JESSUP EMPHASIZES SOVIET ARMAMENT; Tells Gromyko in Big Four Talks That Russia Must Alter Stand or Tension Will Increase JESSUP STRESSES SOVIET ARMAMENT Soviet Item Is Recalled Change Seen in Order,russia,russia (russia),,,03,1951,32
https://query.nytimes.com/gst/abstract.html?res=9903E0DA133CE53ABC4E52DFB7668389649EDE,British Appoint New Leader To Spur War on Malaya Reds; NEW MALAYA CHIEF TO PUSH RED FIGHT,united kingdom,,united kingdom (british),,01,1952,39
https://query.nytimes.com/gst/abstract.html?res=9E00E5D6173AE23BBC4051DFB3668389649EDE,"SIX NATIONS SIGN EUROPEAN ARMY PACT; U. S., BRITAIN GUARANTEE COMMUNITY; GERMAN REDS SET BORDER BUFFER ZONE; BONN WILL BE ALLY Tied to Atlantic Treaty -- All Troops to Wear Same Uniform ACHESON HAILS THE EVENT Difficulties Seen in Gaining Approval of Parliaments and From Soviet Reaction NATIONS SIGN PACT FOR WESTERN ARMY",germany,united kingdom (britain) : russia (soviet),germany (german),germany (bonn),05,1952,36
https://query.nytimes.com/gst/abstract.html?res=950DE6D9143AE23BBC4152DFB0668389649EDE,SWEDEN REJECTS SOVIET ACCUSATION; Stockholm Denies Its Aircraft Flew Over Russian Area Before Being Shot Down SWEDISH FLIERS SHOT DOWN BY RUSSIANS SWEDEN REJECTS SOVIET PLANE NOTE,russia,russia (soviet) : sweden (sweden),russia (russian) : sweden (swedish),sweden (stockholm),06,1952,35
https://query.nytimes.com/gst/abstract.html?res=990DE5D81F3AE23BBC4051DFB5668388649EDE,"Soviet Voids Prison Terms Up to 5 Years, Cuts Others; Amnesty for All Except Major Criminals Is Attributed to Strengthening of State -- Penal Code to Be Re-Examined SOVIET FREES MANY IN PRISON AMNESTY",russia,russia (soviet),,,03,1953,55
https://query.nytimes.com/gst/abstract.html?res=9B03EFDB173EE53BBC4B53DFB2668388649EDE,"EISENHOWER TAKES REDS AT FACE VALUE IN THEIR PEACE BIDS; Despite Broken Soviet Pledges of Past, He Calls U. S. Ready to Meet Every Honest Step PUTS ILL PRISONERS FIRST Says Exchange Would Be Deed, Not Words -- Sees No Basis to Talk to Malenkov Now EISENHOWER TAKES RED BIDS SERIOUSLY",russia,russia (soviet),,,04,1953,44
https://query.nytimes.com/gst/abstract.html?res=9503EFDA143EE43ABC4D53DFB1668388649EDE,' RIGID' STAND OF U. S. DISTURBING BRITISH; Comment on Washington Talks Reflects Fear of Reluctance to Explore Soviet Aims,russia,russia (soviet),united kingdom (british),,07,1953,41
https://query.nytimes.com/gst/abstract.html?res=9505E2DA1438E23BBC4B52DFB166838F649EDE,Geneva Talks Await Result Of U. S.-French Discussion; GENEVA AWAITING RESULTS IN PARIS,france,,france (french),switzerland (geneva),07,1954,54
https://query.nytimes.com/gst/abstract.html?res=9A01EFDA163FE43ABC4152DFBF66838F649EDE,"SPAAK BIDS EUROPE BACK U. S. ON BONN; Belgian Leader, in Strasbourg, Fears Troop Exit Unless Germans Are Rearmed",germany,,belgium (belgian) : germany (german),germany (bonn),09,1954,44
https://query.nytimes.com/gst/abstract.html?res=9D06E5DE173CE03ABC4953DFB467838F649EDE,French Vote Constitution Reform; Long-Delayed Bill Curbs Deputies; CHARTER REFORMS VOTED BY FRENCH,france,,france (french),,12,1954,41
https://query.nytimes.com/gst/abstract.html?res=9C0DEFD7113EE63BBC4852DFBF66838E649EDE,TRUMAN ATTACKS CUTS IN DEFENSE; RADFORD REPLIES; Ex-President Warns Against Soviet Peace Bid -- Admiral Denies Arms Slashes Truman Attacks Defense Reduction,russia,russia (soviet),,,09,1955,59
https://query.nytimes.com/gst/abstract.html?res=9B0DE3DD123FE43ABC4F53DFB667838E649EDE,"5 POWERS TO HEAD AGENCY DIRECTING ATOMS FOR PEACE; U. S., Britain, Canada, France and Soviet Top Board of 16 Nations in Draft Charter",russia,canada (canada) : france (france) : united kingdom (britain) : russia (soviet),,,10,1955,57
https://query.nytimes.com/gst/abstract.html?res=9F06E1D81238E23BBC4C52DFB366838E649EDE,"Soviet Using Heavy Jet Bombers In Group Flights, Pentagon Says; Soviet Now Flying Heavy Jet Bomber in Formations",russia,russia (soviet),,,05,1955,56
https://query.nytimes.com/gst/abstract.html?res=9D0CE3DA143BE13BBC4152DFB767838D649EDE,MIDEAST SOLUTION ASKED BY DULLES; He Warns Truce Alone Will Not Bring Stability--Quits Hospital for Key West Soviet Leaders Accused MIDEAST SOLUTION ASKED BY DULLES STATEMENT BY DULLES Dulles Arrives in Key West,russia,russia (soviet),,,11,1956,98
https://query.nytimes.com/gst/abstract.html?res=950DEEDF1E3DEE3BBC4950DFB667838D649EDE,"Victory Appears Near; SOVIET REPORTED LEAVING HUNGARY An Eleventh-hour Grant Prisoners Ordered Freed Six-Day Fort Siege Ends Rebels Surround Auto Girl, 15, Was a Fighter Defenders Put at 1,200 A.V.H. Captain Hanged",russia,hungary (hungary) : russia (soviet),,,10,1956,75
https://query.nytimes.com/gst/abstract.html?res=9901EEDE1F3BE23ABC4051DFB266838D649EDE,MOSCOW WILLING TO JOIN A U.N. BAN ON MIDEAST ARMS; But Khrushchev Declares Embargo Depends Upon General Agreement TALKS END WITH GAINS Eden Hails Soviet Trade Bid and Accepts Invitation-- Russian Leaders Leave Khrushchev Sets Policy MOSCOW WILLING TO JOIN A U.N. BAN,russia,russia (soviet),russia (russian),russia (moscow),04,1956,71
https://query.nytimes.com/gst/abstract.html?res=9C00E7DD1531E63ABC4153DFBE66838C649EDE,U.S. TO COMPLETE ARMS PROPOSALS; Final Suggestions in London Expected to Move Nearer Stand of Soviet Union,russia,russia (soviet),,united kingdom (london),08,1957,68
https://query.nytimes.com/gst/abstract.html?res=9F0DE3D71038E73ABC4053DFB667838C649EDE,KHRUSHCHEV ASKS WORLD RULE OF THE SATELLITE AND MISSILES IF PART OF WIDE U.S.-SOVIET PACT; A LOG INTERVIEW Leader Says Control Depends on Accord for Coexistence,russia,russia (soviet),,,10,1957,67
https://query.nytimes.com/gst/abstract.html?res=9F01E4DE1331E63ABC4852DFB767838C649EDE,Ellender Calls for Easing Of Policy Toward Moscow; Met Soviet Leaders,russia,russia (soviet),,russia (moscow),11,1957,64
https://query.nytimes.com/gst/abstract.html?res=9404E0DD1E39E632A25750C2A9679D946992D6CF,Sweeping Proposals for Treaty With Germany Expected in Moscow; OFFER OF A PACT BY SOVIET IS SEEN,russia,germany (germany) : russia (soviet),,russia (moscow),11,1958,62
https://query.nytimes.com/gst/abstract.html?res=980DEED9133DEF34BC4951DFB1668383649EDE,Russia Said to Tell Nasser 'Volunteers' Are Available; Soviet Pledge to Aid Nasser Is Reported ARAB LEADER TOLD HE NEED ONLY ASK Cairo Sources Say He Also Discussed Summit Plan During Moscow Visit,russia,russia (russia),,egypt (cairo) : russia (moscow),07,1958,61
https://query.nytimes.com/gst/abstract.html?res=9500E2DA1139EF3BBC4B52DFB2668383649EDE,SOVIET EXPLOSION BENEATH GROUND DETECTED IN U. S.; Humphrey Reports Blast of an Unknown Nature Was Recorded in Nevada,russia,russia (soviet),,,04,1958,60
https://query.nytimes.com/gst/abstract.html?res=9F0DE5D8153BEF3BBC4852DFBF668382649EDE,"LABORITE REPORTS A HOPE ON BERLIN; Gaitskell, Back From Visit to Soviet, Says Khrushchev Liked Plan for Accord",russia,russia (soviet),,germany (berlin),09,1959,63
https://query.nytimes.com/gst/abstract.html?res=9C02E0D6153CE63BBC4F51DFB1668382649EDE,SOVIET CAMPAIGN DISPARAGES U.S.; Moscow Propaganda Group Sounds Sour Note on Nixon Visit and American Fair SOVIET CAMPAIGN DISPARAGES U. S,russia,russia (soviet),,russia (moscow),07,1959,62
https://query.nytimes.com/gst/abstract.html?res=9B07EEDC103FE53BBC4B51DFB7668382649EDE,Soviet Alleges West Wants Geneva Atom Talks to Fail; Statement Says a Ban on Tests Depends Entirely on U. S. and Britain -- Briton Urges Mobile Inspection Units SOVIET SAYS WEST HINDERS TEST BAN,russia,united kingdom (briton) : russia (soviet),,switzerland (geneva),01,1959,59
https://query.nytimes.com/gst/abstract.html?res=9505EFDF123EEF3ABC4D51DFB366838B679EDE,SOVIET TO RELEASE 9 WITH U.S. PLANE; Craft Forced Down in East Germany Is Expected to Fly Back to West Today SOVIET RELEASING 9 WITH U.S. PLANE,russia,germany (germany) : russia (soviet),,,05,1960,76
https://query.nytimes.com/gst/abstract.html?res=9803EED8113EEF3ABC4952DFBE66838B679EDE,SENATE RATIFIES ANTARCTIC PACT; ARMS OUTLAWED; Vote Is 66-21 After 2-Day Debate-Objectors Cite Soviet Participation SENATE RATIFIES ANTARCTIC PACT,russia,russia (soviet),,,08,1960,53
https://query.nytimes.com/gst/abstract.html?res=9B00E6DC133DE333A2575BC0A96F9C946191D6CF,PRESIDENT TERMS CHANCE OF SEEING KHRUSHCHEV SLIM; He Says Soviet Must Free Fliers as One 'Condition' for Any Talks at U.N. PRESIDENT DOUBTS A SUMMIT AT U.N.,russia,russia (soviet),,,09,1960,51
https://query.nytimes.com/gst/abstract.html?res=9C0CE1D91E39E233A2575AC2A96E9C946091D6CF,WESTERN REQUEST FOR BERLIN TALKS IS REPORTED NEAR; French Reluctance Eases -- Discussions With Soviet Are Likely When U.N. Meets WESTERN REQUEST ON BERLIN NEAR,germany,russia (soviet),france (french),germany (berlin),08,1961,79
https://query.nytimes.com/gst/abstract.html?res=9407E7D7143FE13ABC4950DFB667838A679EDE,U.S. Drops Patrols of Autobahn After Russians Halt More Cars; AUTOBAHN PATROL IS DROPPED BY U.S.,russia,,russia (russian),,10,1961,75
https://query.nytimes.com/gst/abstract.html?res=9A0CE0DF1339EE32A25754C1A96F9C946091D6CF,Cultural Exchanges Go On Amid U.S.-Soviet Tension; Both Countries Are Eager to Continue Agreement Though Purposes Differ -- 600 Projects Undertaken Since '58 EXCHANGE SET-UP SURVIVES TENSION,russia,russia (soviet),,,09,1961,57
https://query.nytimes.com/gst/abstract.html?res=9F04E4DA1F3EE23BBC4E51DFB7678389679EDE,SOVIET MAY EASE POLICIES ON WEST; Moscow Aides Say Emphasis Has Been on Compromise Since Crisis Over Cuba Goal Is Believed Same Inspection Is First Test SOVIET EXPECTED TO SOFTEN POLICY Trouble Indicated Budget May Tell,russia,cuba (cuba) : russia (soviet),,russia (moscow),11,1962,71
https://query.nytimes.com/gst/abstract.html?res=9E03EFD7153CE63ABC4F52DFB6678389679EDE,G.O.P. KEYS RACE TO FOREIGN POLICY; Statement by Party Attacks 'Irresolution' on Cuba G.O.P. KEYS RACE TO FOREIGN POLICY,cuba,cuba (cuba),,,10,1962,64
https://query.nytimes.com/gst/abstract.html?res=9D02EEDF103CE63ABC4F51DFBE668389679EDE,Moscow Renews Proposal For Talks on World Trade; Pravda Study of Common Market Calls for Formation of Economic Group-- Moscow Conference Opens Today MOSCOW RENEWS WORLD TRADE BID,russia,,,russia (moscow),08,1962,55
https://query.nytimes.com/gst/abstract.html?res=9D0CEFDF1231E53ABC4951DFB1668388679EDE,"DRAFT PACT READY; U.S., British and Soviet Approval EXpected Early This Week Proposed by Moscow Two Clauses Omitted TENTATIVE PACT ON BAN REACHED Reception for Hungarians Other Aspects Involved Risk for President Underground Excluded",russia,russia (soviet),united kingdom (british) : hungary (hungarian),russia (moscow),07,1963,57
https://query.nytimes.com/gst/abstract.html?res=9A07EFDA1730EF3BBC4153DFB5668388679EDE,RUSK SAYS SOVIET CUTS CUBA FORCE; Enough Ships Are on Hand to Take 'Several Thousand' on Schedule by Friday RUSK SAYS SOVIET CUTS CUBA FORCE Mansfield Attacks G.O.P.,russia,cuba (cuba) : russia (soviet),,,03,1963,51
https://query.nytimes.com/gst/abstract.html?res=9C07E1D71F3EE73BBC4852DFB2668388679EDE,Soviet Calls Parley On Curbs for Arts; SOVIET SETS TALKS ON CURBS IN ARTS,russia,russia (soviet),,,04,1963,44
https://query.nytimes.com/gst/abstract.html?res=9406E2DF1F30E033A25752C2A9629C946491D6CF,Peking Is Preparing Way To Send Men to Vietnam; Machinery for Enlistments Set in Motion -- Offer Is Tied to an Expansion of War -- Rusk Sees Element of Danger CHINA PAVES WAY FOR SENDING MEN,vietnam,china (china) : vietnam (vietnam),,,04,1965,72
https://query.nytimes.com/gst/abstract.html?res=990DE5DD173BE13ABC4B51DFB066838E679EDE,"Diplomat Indicates Soviet May Admit Vietnam Panel; In Conversation With Reporter, Russian Hints at Cooperation With Efforts for Peace by Commonwealth",vietnam,russia (soviet) : vietnam (vietnam),russia (russian),,06,1965,57
https://query.nytimes.com/gst/abstract.html?res=9A03EED9143EE03ABC4D51DFB467838E679EDE,3 Carriers Keeping Guard Off Vietnam; 3 CARRIERS KEEP A VIETNAM VIGIL,vietnam,vietnam (vietnam),,,12,1965,55
https://query.nytimes.com/gst/abstract.html?res=9F00E4D9143CE53BBC4052DFB466838D679EDE,THANT DENIES BID BY HANOI ON TALKS; Aide Indicates That 3 Terms Are Secretary General's Own Peace Proposals THANT DENIES BID BY HANOI ON TALKS,vietnam,,,vietnam (hanoi),02,1966,75
https://query.nytimes.com/gst/abstract.html?res=9D0CE4D7103BEF34BC4D53DFB766838D679EDE,$12-Billion More Sought By Johnson for Vietnam; PRESIDENT TO ASK EXTRA WAR FUND,vietnam,vietnam (vietnam),,,01,1966,63
https://query.nytimes.com/gst/abstract.html?res=9E01E7D6103DE43BBC4D53DFB166838D679EDE,"MILLION REFUGEES LISTED BY SAIGON; 6% of Population Uprooted in South Vietnam in Last 2 Years, Figures Show MILLION REFUGEES LISTED BY SAIGON",vietnam,vietnam (vietnam),,,07,1966,56
https://query.nytimes.com/gst/abstract.html?res=9503E6DB133AE63ABC4E53DFB066838C679EDE,Nasser Exhorts Arabs; Cairo Asserts Its Forces Invade Israel After Repulsing Attacks,israel,israel (israel),,egypt (cairo),06,1967,58
https://query.nytimes.com/gst/abstract.html?res=9B02E0DD163AE63ABC4D51DFB566838C679EDE,BOMBERS STRIKE AT POWER PLANT NEAR HANOI AGAIN; Raid by Navy's Intruder Jets is Second in Five Days-- Damage Undetermined,vietnam,,,vietnam (hanoi),03,1967,49
https://query.nytimes.com/gst/abstract.html?res=9A06EED91E3AE63ABC4C53DFBE66838C679EDE,"2 IN VIETNAM RACE URGE PEACE TALKS; Presidential Campaign On --'We Must De-escalate,' One Candidate Says",vietnam,vietnam (vietnam),,,08,1967,48
https://query.nytimes.com/gst/abstract.html?res=9A05EED61F3BE134BC4E53DFB4668383679EDE,"STREETS OF SAIGON SHELLED IN DRIVE TO ROUT VIETCONG; Bombers Pound Fringes of City -- A Police Precinct Is Overrun by Enemy FOE SAID TO LOSE 21,330 U.S. Command Puts Total of South's Dead at 1,169 -- American Toll 546 Streets in Saigon Are Shelled by South Vietnamese in Drive to Dislodge Enemy BOMBERS POUND FRINGES OF CITY 25 Vietcong Die in Clash in Capital -- Attack by Foe Near Airfield Reported",vietnam,vietnam (saigon),vietnam (vietnamese),,02,1968,66
https://query.nytimes.com/gst/abstract.html?res=940CEFD71E39E134BC4951DFB3668383679EDE,MARINES KILL 109 OUTSIDE KHESANH; North Vietnamese Appear to Have Been in 2 Units in the Earlier Siege MARINES KILL 109 OUTSIDE KHESANH,vietnam,,vietnam (vietnamese),,05,1968,52
https://query.nytimes.com/gst/abstract.html?res=9804E6D91138E134BC4A52DFB2668383679EDE,U.S. REBUFFS HANOI ON WARSAW TALKS; Foe's Use of Soviet Press Agency to Send Suggestion Also Irritates Capital U.S. Rebuffs Hanoi on Warsaw as Site for Talks,vietnam,russia (soviet),,poland (warsaw) : vietnam (hanoi),04,1968,50
https://query.nytimes.com/gst/abstract.html?res=9506E0D6153DEF34BC4051DFB7678382679EDE,SAIGON'S SENATE WILL INVESTIGATE ALLEGED ATROCITY; It Will Examine Why Thieu and U.S. Disagree -- Lower House Weighs Inquiry EX-GENERAL IN CHARGE Tran Van Don Says Even Allies of President Back Study of Songmy Case INQUIRY BY SAIGON ON SONGMY IS SET,vietnam,vietnam (saigon),,,11,1969,39
https://query.nytimes.com/gst/abstract.html?res=950CE6D8123DE134BC4B53DFB5668382679EDE,"Soviet Making Inroads in Arabia, Where West Was Once Strong; Soviet Making Inroads in Arabian Peninsula, Where West Was Once Strong",russia,russia (soviet),,,03,1969,36
https://query.nytimes.com/gst/abstract.html?res=9D01E5DA1F3AEE34BC4F51DFBF668382679EDE,DEMOCRATS BACK VIETNAM PROTEST; Move by Group in Congress Could Confront President With a Partisan Issue Democratic Group at Capitol Backs War Protest,vietnam,vietnam (vietnam),,,09,1969,29
https://query.nytimes.com/gst/abstract.html?res=9F05E3DE1439E63BBC4952DFB366838B669EDE,Allied Boats Help Remove Refugees From Cambodia; ALLIES ON MEKONG RESCUE REFUGEES,cambodia,cambodia (cambodia),,,05,1970,61
https://query.nytimes.com/gst/abstract.html?res=9A03E5DA103EE034BC4D53DFB066838B669EDE,G.I.-Pullout Plans Await End of Drive in Cambodia; TROOP CUT AWAITS END OF OFFENSIVE,cambodia,cambodia (cambodia),,,06,1970,37
https://query.nytimes.com/gst/abstract.html?res=9F0DE0DA1F3DE63BBC4E52DFBF66838B669EDE,MILITARY IS GIVEN POWER IN JORDAN; Hussein Names Brigadier as Premier to Restore Peace and Order,jordan,jordan (jordan),,,09,1970,34
https://query.nytimes.com/gst/abstract.html?res=9E02E6D71038EF34BC4952DFB467838A669EDE,INDIANS CROSS WIDE RIVER AND DRIVE TOWARD DACCA; FOE FINDS OUTLOOK GRAVE; Pakistan Concedes Indians Are 'Overwhelming' in Air New Delhi's Air Support Is Called 'Overwhelming',pakistan,pakistan (pakistan),india (indian),india (delhi),12,1971,39
https://query.nytimes.com/gst/abstract.html?res=9E05E2DA113BE73ABC4C51DFB566838A669EDE,"ARMOR QUIT LAOS WITH HEAVY LOSS; 5,000 STILL THERE; 100-Vehicle Saigon Force, After Losing 90, Fights Way Out Along Route 9 OPERATION NEAR ITS END U.S. Copter Units Starting to Leave Khesanh -- 3 G.I.'s Killed in Ground Attack South Vietnamese Armored Column Fights Its Way Out of Laos",vietnam,laos (laos) : vietnam (saigon),laos (lao) : vietnam (vietnamese),,03,1971,34
https://query.nytimes.com/gst/abstract.html?res=9505E7DF113BE73ABC4F51DFB466838A669EDE,SOUTH VIETNAMESE BATTERED BY FOE AT A BASE IN LAOS; Officials Deny Reports That Hilltop Has Been Overrun by Infantry and Tanks,laos,laos (laos),laos (lao) : vietnam (vietnamese),,02,1971,34
https://query.nytimes.com/gst/abstract.html?res=9905EED6143AE73ABC4852DFB3668389669EDE,Condemnation in East Bloc; HANOI REJECTS U.S. 'ULTIMATUM',vietnam,,,vietnam (hanoi),05,1972,52
https://query.nytimes.com/gst/abstract.html?res=9D04E6DD1631E63BBC4F53DFB6678389669EDE,Saigon Reports Fighting 20 Miles North of City; Clashes May Signal New Phase in Foe's Drive -- B-52's Hit Area Saigon Reports Fighting Erupts On Highway 20 Miles From City,vietnam,vietnam (saigon),,,10,1972,51
https://query.nytimes.com/gst/abstract.html?res=9402EEDA1F31E73BBC4E51DFB2668389669EDE,1969 STUDY SHOWS WAR POLICY SPLIT; Joint Chiefs Urged Renewed Bombing but Other Units Doubted Effectiveness A White House Study in 1969 on the Vietnam War Discloses a Split in the Administration Over Strategy,vietnam,vietnam (vietnam),,,04,1972,43
https://query.nytimes.com/gst/abstract.html?res=9B00E3D81739E73ABC4B51DFB6678388669EDE,Israelis West of Canal Find Burned-Out Zone; Israelis West of Canal Find Burned-Out Region Splintered Treetrunks There's No Point to It' Nose Pointed East,israel,,israel (israeli),,10,1973,62
https://query.nytimes.com/gst/abstract.html?res=9A01E5D61431EF34BC4953DFB7668388669EDE,Foes of Nixon on Vietnam Planning Steps in Congress; Nixon Criticized for 'Secrecy' Foes of Nixon's Vietnam Policy Planning New Steps in Congress 'Orderly Process Urged 'Orderly Process Urged,vietnam,vietnam (vietnam),,,01,1973,45
https://query.nytimes.com/gst/abstract.html?res=9C00E4DB1731E63BBC4C52DFB7678388669EDE,ISRAEL STRESSES CONTROL OF ROAD; Armed Troops Bar Newsmen On Route to Suez After U.N. Lets Group Pass Israelis Stress Control of Suez Road by Barring Press Flag in Distance,israel,israel (israel),israel (israeli),egypt (suez),11,1973,35
https://query.nytimes.com/gst/abstract.html?res=9507E1D7143FEF34BC4F53DFB066838F669EDE,Kissinger Reassures Soviet Of Continued Mideast Role; Kissinger Reassures Soviet on Mideast Careful Reassurances,russia,russia (soviet),,,06,1974,23
https://query.nytimes.com/gst/abstract.html?res=9D00E2D6143FEF34BC4151DFB366838F669EDE,Israeli Cabinet Is Named; Dayan and Eban Are Out; Rabin's Stance Described A New Government Is Announced in Israel With Dayan and Eban Out Support of Left Seen,israel,,israel (israeli),,05,1974,23
https://query.nytimes.com/gst/abstract.html?res=9907EFDC143DE63BBC4152DFB166838F669EDE,"THE CYPRUS COUP; At First Press Conference, He Charges Old Regime Tortured Political Foes",cyprus,cyprus (cyprus),,,07,1974,22
https://query.nytimes.com/gst/abstract.html?res=9C01E5D7133AE034BC4151DFB266838E669EDE,Vietcong's Reply to Minh Denounces U.S. Policies; The following dispatch was written before Americans were ordered evacuated from South Vietnam. Gen. Minh's Appeal for a South Vietnam Settlement Is Rejected by the Vietcong New President Pressing Efforts to End the War,vietnam,vietnam (vietnam),,,04,1975,75
https://query.nytimes.com/gst/abstract.html?res=9D02E0DE123AE034BC4051DFB566838E669EDE,U.S. Says Arms Situation In Vietnam Is Not Critical; Pentagon Says. Arms Situation In South Vietnam Is Not Critical,vietnam,vietnam (vietnam),,,03,1975,40
https://query.nytimes.com/gst/abstract.html?res=9F0DE0DE103AE034BC4A52DFB366838E669EDE,CARRIER ARRIVES IN GUAM BRINGING SAIGON AIRCRAFT; 99 Planes and Copters Were Flown Out as Foe Moved In Refugee Total Rises SAIGON AIRCRAFT CARRIED TO GUAM,vietnam,guam (guam) : vietnam (saigon),,,05,1975,24
https://query.nytimes.com/gst/abstract.html?res=9A07EEDF143FE43BBC4152DFB066838D669EDE,U.S. BIDS CITIZENS LEAVE LEBANON; CONVOY DEPARTS; Another Group Will Go in a British-Organized Journey to Damascus Today U.S. BIDS CITIZENS LEAVE LEBANON,lebanon,lebanon (lebanon),united kingdom (british),syria (damascus),06,1976,29
https://query.nytimes.com/gst/abstract.html?res=9C07E0DD103CE334BC4D53DFB766838D669EDE,U.S. PLANS TO ASK SOVIET TO EXPLAIN ITS ANGOLA POLICY; Query Expected on Whether Moscow Will Work to End All Foreign Interference PRAVDA ARTICLE CITED White House Puzzled by Call in Newspaper for Halt to 'Armed Intervention' U.S. TO QUESTION SOVIET ON ANGOLA,angola,angola (angola) : russia (soviet),,russia (moscow),01,1976,22
https://query.nytimes.com/gst/abstract.html?res=9E0CE4DE143BE637A25752C2A96E9C946790D6CF,South Africa Rebuffed,south africa,south africa (south africa),,,08,1976,22
https://query.nytimes.com/gst/abstract.html?res=9A00EFDA133AE03BBC4851DFB467838C669EDE,"BEGIN-SADAT PARLEY ON PEACE PLAN IS SET FOR CHRISTMAS DAY; ISRAELI, OPTIMISTIC, ENDS VISIT He Is Confident That His Proposals Are 'Nonrejectionable' and Can Serve as Negotiating Basis BEGIN-SADAT PARLEY SET FOR CHRISTMAS",israel,,israel (israeli),,12,1977,31
https://query.nytimes.com/gst/abstract.html?res=9902E4D9173BE73ABC4B51DFB767838C669EDE,BEGIN'S DEPUTY SAYS ISRAEL IS CONVINCED SADAT WANTS PEACE; NEED FOR POLICY REVIEW SEEN Dayan Urges Quick Action to Deal With Issues Raised by Visit-- Cabinet Meeting Called,israel,israel (israel),,,11,1977,25
https://query.nytimes.com/gst/abstract.html?res=980DE0D81F3BE63BBC4A52DFB266838C669EDE,U.S. WARNS RUSSIANS VIOLATIONS IN FISHING MAY HURT RELATIONS; CARGO OF SECOND SHIP SEIZED Soviet Embassy Aide Is Summoned to the State Department to Hear Expression of 'Deep Concern' U.S. Warns the Russians That Fishing Violations May Hurt Relations,russia,russia (soviet),russia (russian),,04,1977,18
https://query.nytimes.com/gst/abstract.html?res=9E01E7DE1F30E632A25753C3A9649D946990D6CF,SHAH NAMES AN OPPOSITION LEADER TO HEAD CIVILIAN CABINET IN IRAN; OIL CUTOFF PUSHES UP WORLD PRICE; SAYS HE WON'T LEAVE New Nominee a Respected Opponent--Regency System Ruled Out Shah's Request to Form Govermnent General's Resignation Denied Shah Picks an Opponent to Head Civilian Government Progress in Talk With Shah Electricity to Factories to Be Cut Shah's Mother Reported in U.S.,iran,iran (iran),,,12,1978,12
https://query.nytimes.com/gst/abstract.html?res=9A01EFD81431E632A2575BC0A9629C946990D6CF,PRESIDENT DECIDES TO DEFER PRODUCTION OF NEUTRON WEAPONS; ACTION IS CALLED REVERSIBLE He Says Building Warheads Will Depend on Moves by Moscow Affecting West's Security President Announces Decision To Delay Building Neutron Bomb Needed Stronger Commitment Absence of Support for Deployment Byrd Gives Tentative Approval,russia,,,russia (moscow),04,1978,11
https://query.nytimes.com/gst/abstract.html?res=9D05E0DA1E3EE432A25752C2A9639C946990D6CF,U.S. Scientists Cancel Soviet Trip In Protest Over the Trial of Orlov; Supported Exchange Programs U.S. SCIENTISTS DROP PLAN TO VISIT SOVIET Message of Regrets Sent to Moscow,russia,russia (soviet),,,05,1978,10
https://query.nytimes.com/gst/abstract.html?res=9507E7DF1431E731A25751C0A9649D946890D6CF,Crisis Alters Attitude in U.S.; 'May Have Reached Turning Point' Iran Crisis Helping U.S. Shed Fear of Intervention Abroad Relation to Oil Supplies Collision With Commitment 'Looks at Every Beehive' Quick-Strike Force Authorized Slow Reversal of Trends,iran,iran (iran),,,12,1979,19
https://query.nytimes.com/gst/abstract.html?res=990DE0D9123EE732A25752C1A9679D946890D6CF,President Orders Action to Deport Iranian Students Illegally in U.S.; Carter Orders Deportation of Iranian Students Who Are Illegally in U.S.,iran,,iran (iranian),,11,1979,13
https://query.nytimes.com/gst/abstract.html?res=9B01E1DB1F38E732A2575AC0A96F9C946890D6CF,THIRD-WORLD TALKS CLOSE TO APPROVAL OF A NEUTRAL STAND; But Countries Remain Deeply Split on Some Issues as Parley in Havana Approaches End Effort to Block Offensive HAVANA TALKS NEAR A NEUTRALITY STAND Opposition to Both Blocs Compromised Favored Cuba,cuba,,,cuba (havana),09,1979,9
https://query.nytimes.com/gst/abstract.html?res=9500E5DA1439F932A15753C1A966948260,SLOW ACTION ON IRANIAN ASSETS SEEN,iran,,iran (iranian),,10,1980,44
https://query.nytimes.com/gst/abstract.html?res=9904E1DF1E3BE732A25750C2A96E9C94619FD6CF,CHURCH IN POLAND EXPRESSES SYMPATHY FOR STRIKERS' GOALS; BUT CRITICIZES THEIR METHODS Government Aides Meet Workers' Panel for an Hour in Gdansk --Progress Is Reported Work Stoppages Spread Statement Issued in Warsaw Polish Church Expresses Sympathy for the Strikers,poland,poland (poland),poland (polish),poland (warsaw),08,1980,31
https://query.nytimes.com/gst/abstract.html?res=9B03E2D61E39F930A15751C1A966948260,IRANIAN RENEWS THREAT OF TRIALS FOR THE HOSTAGES,iran,,iran (iranian),,12,1980,22
https://www.nytimes.com/1981/12/22/business/bankers-divided-on-polish-debt.html,BANKERS DIVIDED ON POLISH DEBT,poland,,poland (polish),,12,1981,21
https://www.nytimes.com/1981/01/07/world/iranians-said-to-ask-for-a-clarifaction-of-us-hostage-plan.html,IRANIANS SAID TO ASK FOR A CLARIFACTION OF U.S. HOSTAGE PLAN,iran,,iran (iranian),,01,1981,20
https://www.nytimes.com/1981/11/08/world/moscow-official-vows-to-match-buildup-in-arms.html,MOSCOW OFFICIAL VOWS TO MATCH BUILDUP IN ARMS,russia,,,russia (moscow),11,1981,19
https://www.nytimes.com/1982/09/02/world/reagan-urges-link-jordan-self-rule-palestinians-israel-reacts-angrily-plan-124655.html,ISRAEL REACTS ANGRILY TO PLAN; News Analysis,israel,israel (israel),,,09,1982,34
https://www.nytimes.com/1982/06/17/world/israeli-assurance-opens-begin-s-way-to-seeing-reagan.html,ISRAELI ASSURANCE OPENS BEGIN'S WAY TO SEEING REAGAN,israel,,israel (israeli),,06,1982,27
https://www.nytimes.com/1982/05/31/business/british-oil-ready-to-go-public.html,BRITISH OIL READY TO GO PUBLIC,united kingdom,,united kingdom (british),,05,1982,26
https://www.nytimes.com/1983/09/07/world/moscow-concedes-a-soviet-fighter-downed-airliner.html,MOSCOW CONCEDES A SOVIET FIGHTER DOWNED AIRLINER,russia,russia (soviet),,russia (moscow),09,1983,26
https://www.nytimes.com/1983/08/26/business/grain-pact-signed-us-assures-soviet-of-steady-supply.html,U.S. ASSURES SOVIET OF STEADY SUPPLY,russia,russia (soviet),,,08,1983,20
https://www.nytimes.com/1983/12/06/world/plo-pullout-from-beirut-hurt-us-intelligence-links.html,P.L.O. PULLOUT FROM BEIRUT HURT U.S. INTELLIGENCE LINKS,lebanon,,,lebanon (beirut),12,1983,18
https://www.nytimes.com/1984/02/29/world/us-instructors-again-training-lebanon-troops.html,U.S. INSTRUCTORS AGAIN TRAINING LEBANON TROOPS,lebanon,lebanon (lebanon),,,02,1984,21
https://www.nytimes.com/1984/11/25/weekinreview/in-moscow-mood-swings-on-arms-talks.html,"IN MOSCOW, MOOD SWINGS ON ARMS TALKS",russia,,,russia (moscow),11,1984,16
https://www.nytimes.com/1984/12/21/us/us-device-riding-soviet-spacecraft.html,U.S. DEVICE RIDING SOVIET SPACECRAFT,russia,russia (soviet),,,12,1984,15
https://www.nytimes.com/1985/11/05/world/us-says-moscow-ships-more-arms-to-nicaraguans.html,U.S. SAYS MOSCOW SHIPS MORE ARMS TO NICARAGUANS,russia,,nicaragua (nicaraguan),russia (moscow),11,1985,27
https://www.nytimes.com/1985/06/18/world/man-in-the-news-pivotal-figure-in-the-beirut-crisis-nabih-berri.html,PIVOTAL FIGURE IN THE BEIRUT CRISIS: NABIH BERRI,lebanon,,,lebanon (beirut),06,1985,26
https://www.nytimes.com/1985/08/25/world/for-whites-in-south-africa-talk-of-a-time-of-reckoning.html,"FOR WHITES IN SOUTH AFRICA, TALK OF A TIME OF RECKONING",south africa,south africa (south africa),,,08,1985,19
https://www.nytimes.com/1986/10/22/world/us-is-expelling-55-in-latest-reprisal-on-soviet-envoys.html,U.S. IS EXPELLING 55 IN LATEST REPRISAL ON SOVIET ENVOYS,russia,russia (soviet),,,10,1986,33
https://www.nytimes.com/1986/11/05/world/iran-says-mcfarlane-and-4-others-went-to-tehran-on-a-secret-trip.html,IRAN SAYS McFARLANE AND 4 OTHERS WENT TO TEHRAN ON A SECRET TRIP,iran,iran (iran),,iran (tehran),11,1986,26
https://www.nytimes.com/1986/09/14/world/soviet-says-a-cia-station-chief-passed-on-instructions-to-daniloff.html,SOVIET SAYS A C.I.A. STATION CHIEF PASSED ON INSTRUCTIONS TO DANILOFF,russia,russia (soviet),,,09,1986,26
https://www.nytimes.com/1987/04/09/arts/for-soviet-rock-musicians-glasnost-is-angst.html,"FOR SOVIET ROCK MUSICIANS, GLASNOST IS ANGST",russia,russia (soviet),,,04,1987,23
https://www.nytimes.com/1987/01/17/world/m-farlane-admits-us-intelligence-on-iran-was-poor.html,M'FARLANE ADMITS U.S. INTELLIGENCE ON IRAN WAS POOR,iran,iran (iran),,,01,1987,22
https://www.nytimes.com/1987/10/03/world/russian-lasers-reported-aimed-at-us-planes.html,Russian Lasers Reported Aimed At U.S. Planes,russia,,russia (russian),,10,1987,20
https://www.nytimes.com/1988/05/19/world/us-hopes-for-3-modest-pacts-on-arms-at-moscow-summit.html,U.S. Hopes for 3 Modest Pacts On Arms at Moscow Summit,russia,,,russia (moscow),05,1988,32
https://www.nytimes.com/1988/07/08/arts/soviets-hold-first-international-art-auction.html,Soviets Hold First International Art Auction,russia,russia (soviet),,,07,1988,23
https://www.nytimes.com/1988/06/19/sports/english-fall-to-soviets.html,ENGLISH FALL TO SOVIETS,russia,russia (soviet),,,06,1988,21
https://www.nytimes.com/1989/06/30/world/beijing-protesters-said-to-flee-to-a-now-uneasy-hong-kong.html,Beijing Protesters Said to Flee To a Now-Uneasy Hong Kong,china,,,china (beijing),06,1989,32
https://www.nytimes.com/1989/05/23/world/upheaval-china-standoff-persists-beijing-7-top-ex-commanders-warn-army-must-not.html,Upheaval In China; STANDOFF PERSISTS IN BEIJING; 7 TOP EX-COMMANDERS WARN ARMY 'MUST NOT ENTER CITY',china,china (china),,china (beijing),05,1989,27
https://www.nytimes.com/1989/12/12/world/upheaval-in-the-east-bonn-leader-softens-his-plan-for-german-unity.html,Upheaval in the East; Bonn Leader Softens His Plan for German Unity,germany,,germany (german),germany (bonn),12,1989,23
https://www.nytimes.com/1990/08/22/world/confrontation-gulf-behind-bush-s-hard-line-washington-considers-clear-iraqi.html,Washington Considers a Clear Iraqi Defeat To Be Necessary to Bolster Its Arab Allies,iraq,,iraq (iraqi),,08,1990,50
https://www.nytimes.com/1990/09/07/world/confrontation-gulf-cracks-appear-embargo-several-nations-discuss-relief-for-iraq.html,Confrontation in the Gulf;   CRACKS APPEAR IN EMBARGO AS SEVERAL NATIONS DISCUSS RELIEF FOR IRAQ AND KUWAIT,iraq,iraq (iraq),,,09,1990,27
https://www.nytimes.com/1990/05/07/world/evolution-in-europe-soviets-price-on-germany.html,Soviets' Price On Germany,russia,russia (soviet),,,05,1990,27
https://www.nytimes.com/1991/02/11/world/war-in-the-gulf-iraq-hussein-in-speech-urges-the-iraqis-to-be-steadfast.html,"WAR IN THE GULF: Iraq; HUSSEIN, IN SPEECH, URGES THE IRAQIS TO BE STEADFAST",iraq,iraq (iraq),iraq (iraqi),,02,1991,48
https://www.nytimes.com/1991/01/28/world/war-gulf-overview-us-bombs-kuwait-oil-stations-seeking-cut-flow-into-gulf-more.html,"WAR IN THE GULF: The Overview; U.S. BOMBS KUWAIT OIL STATIONS, SEEKING TO CUT FLOW INTO GULF; MORE IRAQI PLANES FLY TO IRAN",iraq,kuwait (kuwait),iraq (iraqi),kuwait (kuwait),01,1991,46
https://www.nytimes.com/1991/03/31/world/iraqi-forces-move-to-crush-insurgents.html,Iraqi Forces Move to Crush Insurgents,iraq,,iraq (iraqi),,03,1991,36
https://www.nytimes.com/1992/12/29/world/witnesses-report-a-somali-massacre-before-us-arrival.html,WITNESSES REPORT A SOMALI MASSACRE BEFORE U.S. ARRIVAL,somalia,,somalia (somali),,12,1992,25
https://www.nytimes.com/1992/01/30/business/us-oilmen-see-russia-s-pitfalls.html,U.S. Oilmen See Russia's Pitfalls,russia,russia (russia),,,01,1992,21
https://www.nytimes.com/1992/04/25/world/hard-choices-for-russians.html,Hard Choices for Russians,russia,,russia (russian),,04,1992,14
https://www.nytimes.com/1993/10/06/world/the-somalia-mission-clinton-reviews-policy-in-somalia-as-unease-grows.html,CLINTON REVIEWS POLICY IN SOMALIA AS UNEASE GROWS,somalia,somalia (somalia),,,10,1993,19
https://www.nytimes.com/1993/01/10/world/us-says-baghdad-removed-missiles.html,U.S. SAYS BAGHDAD REMOVED MISSILES,iraq,,,iraq (baghdad),01,1993,18
https://www.nytimes.com/1993/07/04/world/7-rich-nations-expecting-little-at-tokyo-talks.html,7 Rich Nations Expecting Little At Tokyo Talks,japan,,,japan (tokyo),07,1993,17
https://www.nytimes.com/1994/09/19/world/showdown-haiti-police-force-haiti-s-military-leaders-agree-resign-clinton-halts.html,"HAITI'S MILITARY LEADERS AGREE TO RESIGN; CLINTON HALTS ASSAULT, RECALLS 61 PLANES: RESTORING ORDER",haiti,haiti (haiti),,,09,1994,24
https://www.nytimes.com/1994/07/15/world/rwandan-refugees-flood-zaire-as-rebel-forces-gain.html,Rwandan Refugees Flood Zaire as Rebel Forces Gain,rwanda,dr congo (zaire),rwanda (rwandan),,07,1994,22
https://www.nytimes.com/1994/10/12/world/commercial-flights-to-haiti-resume.html,Commercial Flights to Haiti Resume,haiti,haiti (haiti),,,10,1994,16
https://www.nytimes.com/1995/06/22/world/japanese-police-storm-airliner-ending-hijacking.html,"Japanese Police Storm Airliner, Ending Hijacking",japan,,japan (japanese),,06,1995,20
https://www.nytimes.com/1995/01/15/world/a-more-confident-russia-presses-hard-on-rebels.html,A More Confident Russia Presses Hard on Rebels,russia,russia (russia),,,01,1995,18
https://www.nytimes.com/1995/02/02/world/mexican-rescue-plan-the-overview-aid-for-mexico-gives-economy-shot-in-the-arm.html,Aid for Mexico Gives Economy Shot in the Arm,mexico,mexico (mexico),,,02,1995,14
https://www.nytimes.com/1996/09/14/world/iraq-orders-halt-to-missile-strikes-on-american-jets.html,IRAQ ORDERS HALT TO MISSILE STRIKES ON AMERICAN JETS,iraq,iraq (iraq),,,09,1996,18
https://www.nytimes.com/1996/06/07/world/top-russian-bank-is-told-by-yeltsin-to-release-funds.html,TOP RUSSIAN BANK IS TOLD BY YELTSIN TO RELEASE FUNDS,russia,,russia (russian),,06,1996,16
https://www.nytimes.com/1996/04/17/world/lebanon-rocked-as-israel-s-raids-enter-sixth-day.html,LEBANON ROCKED AS ISRAEL'S RAIDS ENTER SIXTH DAY,israel,israel (israel) : lebanon (lebanon),,,04,1996,13
https://www.nytimes.com/1997/11/07/world/diplomatic-approach-to-iraq-is-big-risk-for-un-s-leader.html,Diplomatic Approach to Iraq Is Big Risk for U.N.'s Leader,iraq,iraq (iraq),,,11,1997,18
https://www.nytimes.com/1997/05/01/world/zaire-s-president-and-rebel-agree-to-shipboard-meeting.html,Zaire's President and Rebel Agree to Shipboard Meeting,dr congo,dr congo (zaire),,,05,1997,15
https://www.nytimes.com/1997/03/07/world/chinese-revise-criminal-code-not-its-essence.html,"Chinese Revise Criminal Code, Not Its Essence",china,,china (chinese),,03,1997,13
https://www.nytimes.com/1998/06/22/arts/reinterpreted-chinese-opera-remains-grounded-by-politics.html,Reinterpreted Chinese Opera Remains Grounded by Politics,china,,china (chinese),,06,1998,26
https://www.nytimes.com/1998/08/19/business/the-markets-market-place-managers-of-russian-funds-are-left-guessing.html,THE MARKETS: Market Place; Managers of Russian Funds Are Left Guessing,russia,,russia (russian),,08,1998,19
https://www.nytimes.com/1998/02/20/world/standoff-with-iraq-the-arabs-iraq-neighbors-fear-a-burden-if-us-strikes.html,Iraq Neighbors Fear a Burden If U.S. Strikes,iraq,iraq (iraq),,,02,1998,15
https://www.nytimes.com/1999/06/13/world/crisis-balkans-overview-nato-troops-roll-into-kosovo-confusion-over-russian-move.html,NATO TROOPS ROLL INTO KOSOVO; CONFUSION OVER RUSSIAN MOVE,kosovo,kosovo (kosovo),russia (russian),,06,1999,28
https://www.nytimes.com/1999/05/06/world/crisis-in-the-balkans-the-atrocities-kosovo-town-s-tale-of-betrayal-and-massacre.html,Kosovo Town's Tale of Betrayal and Massacre,kosovo,kosovo (kosovo),,,05,1999,21
https://www.nytimes.com/1999/04/15/world/crisis-balkans-death-kosovo-civilians-are-slain-military-attack-kosovo-road.html,CIVILIANS ARE SLAIN IN MILITARY ATTACK ON A KOSOVO ROAD,kosovo,kosovo (kosovo),,,04,1999,16
https://www.nytimes.com/2000/04/17/us/fiercest-lullabies-for-adored-cuban-come-past-midnight.html,Fiercest Lullabies For Adored Cuban Come Past Midnight,cuba,,cuba (cuban),,04,2000,17
https://www.nytimes.com/2000/05/21/world/chinese-consider-trade-bill-in-us-vital-to-reform.html,CHINESE CONSIDER TRADE BILL IN U.S. VITAL TO REFORM,china,,china (chinese),,05,2000,16
https://www.nytimes.com/2000/12/06/business/last-word-in-china-s-phone-industry.html,Last Word in China's Phone Industry,china,china (china),,,12,2000,13
https://www.nytimes.com/2001/12/29/world/nation-challenged-overview-dec-28-2001-views-afghanistan-shoe-bomb-testimony.html,"Views From Afghanistan, Shoe Bomb Testimony, the Terrorist List",afghanistan,afghanistan (afghanistan),,,12,2001,44
https://www.nytimes.com/2001/11/01/arts/afghan-art-dispersed-winds-war-nation-loses-its-heritage-smugglers-dealers.html,Afghan Art Dispersed by The Winds Of War; A Nation Loses Its Heritage To Smugglers and Dealers,afghanistan,,afghanistan (afghan),,11,2001,38
https://www.nytimes.com/2001/06/28/business/world-business-briefing-europe-britain-internet-access.html,World Business Briefing | Europe: Britain: Internet Access,united kingdom,united kingdom (britain),,,06,2001,35
https://www.nytimes.com/2002/10/11/business/japan-vows-a-new-effort-on-bad-debt.html,Japan Vows A New Effort On Bad Debt,japan,japan (japan),,,10,2002,33
https://www.nytimes.com/2002/04/20/business/japanese-computer-is-world-s-fastest-as-us-falls-back.html,"Japanese Computer Is World's Fastest, As U.S. Falls Back",japan,,japan (japanese),,04,2002,32
https://www.nytimes.com/2002/12/10/world/threats-responses-baghdad-s-declaration-us-first-get-copy-report-iraqi-weapons.html,U.S. IS FIRST TO GET A COPY OF REPORT ON IRAQI WEAPONS,iraq,,iraq (iraqi),,12,2002,29
https://www.nytimes.com/2003/04/07/world/nation-war-field-101st-airborne-division-sinister-past-comes-light-iraqi-post.html,A Sinister Past Comes to Light At an Iraqi Post,iraq,,iraq (iraqi),,04,2003,82
https://www.nytimes.com/2003/03/18/world/threats-responses-strategy-allies-hope-move-quickly-seize-city-iraq-s-south.html,Allies Hope to Move Quickly To Seize City in Iraq's South,iraq,iraq (iraq),,,03,2003,67
https://www.nytimes.com/2003/09/27/business/with-oil-smoothing-ties-russia-sends-message-to-us-about-iraqi-contracts.html,"With Oil Smoothing Ties, Russia Sends Message to U.S. About Iraqi Contracts",iraq,russia (russia),iraq (iraqi),,09,2003,35
https://www.nytimes.com/2004/05/05/world/the-struggle-for-iraq-politics-iraq-shiites-urge-cleric-to-desist.html,IRAQ SHIITES URGE CLERIC TO DESIST,iraq,iraq (iraq),,,05,2004,38
https://www.nytimes.com/2004/06/14/world/the-reach-of-war-energy-in-race-to-give-power-to-iraqis-electricity-lags.html,"In Race to Give Power to Iraqis, Electricity Lags",iraq,,iraq (iraqi),,06,2004,37
https://www.nytimes.com/2004/04/23/world/saudis-support-a-jihad-in-iraq-not-back-home.html,"Saudis Support A Jihad in Iraq, Not Back Home",iraq,iraq (iraq),,,04,2004,35
https://www.nytimes.com/2005/01/07/international/middleeast/07iraq.html,"SOME IRAQ AREAS UNSAFE FOR VOTE, U.S. GENERAL SAYS",iraq,iraq (iraq),,,01,2005,36
https://www.nytimes.com/2005/12/01/politics/01propaganda.html,U.S. Is Said to Pay to Plant Articles in Iraq Papers,iraq,iraq (iraq),,,12,2005,25
https://query.nytimes.com/gst/fullpage.html?res=9C07E2DA113FF933A05754C0A9639C8B63,POLICE IN LONDON AND ROME ARREST 4 BOMB SUSPECTS,united kingdom,,,united kingdom (london) : italy (rome),07,2005,24
https://www.nytimes.com/2006/12/10/us/politics/10elect.html,Report on Iraq Exposes a Divide Within the G.O.P.,iraq,iraq (iraq),,,12,2006,31
https://www.nytimes.com/2006/07/15/world/middleeast/15mideast.html,Israel Vowing to Rout Hezbollah,israel,israel (israel),,,07,2006,27
https://www.nytimes.com/2006/11/20/world/middleeast/20revenge.html,Cycle of Revenge Fuels a Pattern of Iraqi Killings,iraq,,iraq (iraqi),,11,2006,25
https://www.nytimes.com/2007/01/26/world/middleeast/26iraq.html,Iraq Leader and Sunni Officials in Clash on Security,iraq,iraq (iraq),,,01,2007,31
https://query.nytimes.com/gst/fullpage.html?res=9505E3DF1130F933A05750C0A9619C8B63,100 Killed in Iraq; Senate Approves Pullout,iraq,iraq (iraq),,,03,2007,28
https://query.nytimes.com/gst/fullpage.html?res=9C05E2DB173EF936A25751C0A9619C8B63,BUSH DECLARES IRAN'S ARMS ROLE IN IRAQ IS CERTAIN,iraq,iran (iran) : iraq (iraq),,,02,2007,27
https://www.nytimes.com/2008/08/02/world/asia/02china.html,"Despite Flaws, Rights in China Have Expanded",china,china (china),,,08,2008,26
https://www.nytimes.com/2008/05/14/world/asia/14china.html,Quake Toll Rises; China Struggles to Reach Victims,china,china (china),,,05,2008,17
https://www.nytimes.com/2008/07/13/arts/design/13build.html,"In Changing Face of Beijing, a Look at the New China",china,,,china (beijing),07,2008,16
https://www.nytimes.com/2009/06/22/world/middleeast/22iran.html,Unrest in Iran Sharply Deepens Rift Among Clerics,iran,iran (iran),,,06,2009,23
https://www.nytimes.com/2009/01/06/world/middleeast/06mideast.html,Israel Deepens Gaza Incursion as Toll Mounts,palestine,israel (israel) : palestine (gaza),,,01,2009,16
https://www.nytimes.com/2009/09/04/us/politics/04military.html,Advisers to Obama Divided on Size of Afghan Force,afghanistan,,afghanistan (afghan),,09,2009,15
https://www.nytimes.com/2010/09/23/world/asia/23china.html,Chinas Disputes in Asia Buttress Influence of U.S.,china,china (china),,,09,2010,19
https://www.nytimes.com/2010/01/14/world/americas/14haiti.html,Haiti Lies in Ruins; Grim Search for Untold Dead,haiti,haiti (haiti),,,01,2010,17
https://www.nytimes.com/2010/10/26/technology/26telecom.html,Chinese Telecom Giant in Push for U.S. Market,china,,china (chinese),,10,2010,16
https://www.nytimes.com/2011/03/20/world/asia/20future.html,"Reeling From Crises, Japan Approaches Familiar Crossroads",japan,japan (japan),,,03,2011,36
https://www.nytimes.com/2011/02/12/world/middleeast/12revolution.html,Uncharted Ground After End of Egypts Regime,egypt,egypt (egypt),,,02,2011,26
https://www.nytimes.com/2011/06/14/business/14greece.html,Agency Cuts Greeces Debt Rating Again,greece,greece (greece),,,06,2011,13
https://www.nytimes.com/2012/05/20/world/asia/chen-guangcheng-set-to-leave-china-for-united-states.html,"Ordeal Ended, China Activist Lands in U.S.",china,china (china),,,05,2012,19
https://www.nytimes.com/2012/04/17/world/asia/bo-guaguas-parties-and-privilege-aggravate-elite-chinese-familys-fall.html,Sons Parties and Privilege Aggravate Fall of Elite Chinese Family,china,,china (chinese),,04,2012,18
https://www.nytimes.com/2012/08/29/world/middleeast/syrian-rebels-get-arms-from-a-diverse-network-of-sources.html,Many Hands Patch Together Syrian Rebels Arsenal,syria,,syria (syrian),,08,2012,13
https://www.nytimes.com/2013/09/08/world/middleeast/with-the-world-watching-syria-amassed-nerve-gas.html,"With the World Watching, Syria Amassed Nerve Gas",syria,syria (syria),,,09,2013,21
https://www.nytimes.com/2013/06/02/world/asia/us-and-china-to-hold-talks-on-hacking.html,U.S. and China Agree to Hold Regular Talks on Hacking,china,china (china),,,06,2013,17
https://www.nytimes.com/2013/07/02/business/global/loan-practices-of-chinas-banks-raising-concern.html,Loan Practices of Chinas Banks Raising Concern,china,china (china),,,07,2013,13
https://www.nytimes.com/2014/06/17/world/middleeast/sunnis-and-kurds-on-sidelines-of-iraq-leaders-military-plans.html,Sunnis and Kurds on Sidelines of Iraqi Leaders Military Plans,iraq,,iraq (iraqi),,06,2014,24
https://www.nytimes.com/2014/03/14/world/europe/ukraine.html,Russian Troops Mass at Border With Ukraine,russia,,russia (russian),,03,2014,18
https://www.nytimes.com/2014/12/18/world/as-havana-celebrates-historic-shift-economic-and-political-hopes-rise.html,"As Havana Celebrates Historic Shift, Economic and Political Hopes Rise ",cuba,,,cuba (havana),12,2014,13
https://www.nytimes.com/2015/11/17/us/after-paris-attacks-cia-director-rekindles-debate-over-surveillance.html,"After Paris Attacks, C.I.A. Director Rekindles Debate Over Surveillance",france,,,france (paris),11,2015,30
https://www.nytimes.com/2015/07/11/world/europe/greece-struggles-to-rally-support-for-its-proposals.html,Greeces Parliament Approves Prime Ministers Bailout Plan,greece,greece (greece),,,07,2015,29
https://www.nytimes.com/2015/08/07/business/international/as-china-reduces-local-spending-cities-woo-private-investors.html,"As China Reduces Local Spending, Cities Woo Private Investors",china,china (china),,,08,2015,26
https://www.nytimes.com/2016/12/27/sports/olympics/russia-doping.html,Russians No Longer Dispute Olympic Doping Operation,russia,,russia (russian),,12,2016,24
https://www.nytimes.com/2016/06/26/world/europe/britain-rattles-postwar-order-and-its-place-as-pillar-of-stability.html,Britain Rattles Postwar Order and Its Place as Pillar of Stability,united kingdom,united kingdom (britain),,,06,2016,14
https://www.nytimes.com/2016/07/01/business/after-brexit-finding-a-new-london-for-the-financial-world-to-call-home.html,"After Brexit, Finding a New London for the Financial World to Call Home",united kingdom,,,united kingdom (london),07,2016,13
https://www.nytimes.com/2017/08/14/world/asia/china-trump-us-trade-intellectual-property-technology.html,"Seeking Greater Global Power, China Looks to Robots and Microchips",china,china (china),,,08,2017,18
https://www.nytimes.com/2017/07/18/technology/whatsapp-facebook-china-internet.html,China Disrupts WhatsApp Service in Online Clampdown,china,china (china),,,07,2017,17
https://www.nytimes.com/2017/04/12/world/europe/trump-nato-russia.html,U.S. Takes Sharper Tone on Russias Role in Syria,russia,russia (russia),,,04,2017,16
https://www.nytimes.com/2018/08/06/technology/china-generation-blocked-internet.html,"A Generation Grows Up in China Without Google, Facebook or Twitter",china,china (china),,,08,2018,22
https://www.nytimes.com/2018/02/02/us/politics/trump-fbi-memo.html,House Republicans Release Secret Memo Accusing Russia Investigators of Bias,russia,russia (russia),,,02,2018,21
https://www.nytimes.com/2018/07/08/business/china-surveillance-technology.html,"Inside Chinas Dystopian Dreams: A.I., Shame and Lots of Cameras",china,china (china),,,07,2018,18